,cc_num,provider,expires,date_added
0,4796807885357879,visa,05/23,2022-09-01 19:50
1,4529266636192966,visa,03/22,2022-09-01 19:50
2,4922690008243953,visa,02/27,2022-09-01 19:50
3,4897369589533543,visa,04/22,2022-09-01 19:50
4,4848518335893425,visa,10/26,2022-09-01 19:50
5,4419981075128775,visa,02/24,2022-09-01 19:50
6,4477118491352015,visa,08/24,2022-09-01 19:50
7,4077895609058196,visa,11/26,2022-09-01 19:50
8,4540702654946326,visa,05/25,2022-09-01 19:50
9,4577917577528649,visa,05/27,2022-09-01 19:50
10,4651982168123902,visa,05/23,2022-09-01 19:50
11,4266382731398114,visa,10/26,2022-09-01 19:50
12,4402257676878392,visa,05/24,2022-09-01 19:50
13,4760716646547615,visa,02/23,2022-09-01 19:50
14,4996417618942100,visa,09/24,2022-09-01 19:50
15,4723886612893743,visa,11/25,2022-09-01 19:50
16,4600599737277837,visa,07/25,2022-09-01 19:50
17,4245737062754407,visa,11/22,2022-09-01 19:50
18,4467730578754137,visa,01/24,2022-09-01 19:50
19,4530408675768416,visa,12/26,2022-09-01 19:50
20,4002894877268355,visa,03/23,2022-09-01 19:50
21,4078187620122790,visa,02/22,2022-09-01 19:50
22,4561295401840672,visa,02/22,2022-09-01 19:50
23,4537522242338843,visa,11/23,2022-09-01 19:50
24,4801857172816668,visa,09/23,2022-09-01 19:50
25,4577638675991444,visa,04/23,2022-09-01 19:50
26,4637007869765832,visa,03/24,2022-09-01 19:50
27,4996156334765383,visa,09/22,2022-09-01 19:50
28,4470997162909774,visa,12/22,2022-09-01 19:50
29,4125386755756793,visa,11/23,2022-09-01 19:50
30,4694825018529159,visa,08/23,2022-09-01 19:50
31,4228544492357038,visa,10/24,2022-09-01 19:50
32,4729376708188053,visa,02/22,2022-09-01 19:50
33,4096367551003080,visa,02/24,2022-09-01 19:50
34,4825446018522136,visa,03/22,2022-09-01 19:50
35,4974785180120636,visa,08/22,2022-09-01 19:50
36,4403752401643557,visa,05/25,2022-09-01 19:50
37,4180874301477032,visa,02/22,2022-09-01 19:50
38,4226541279921103,visa,02/23,2022-09-01 19:50
39,4015928623233217,visa,03/27,2022-09-01 19:50
40,4336399961348201,visa,09/25,2022-09-01 19:50
41,4734848757178659,visa,02/24,2022-09-01 19:50
42,4301976668785487,visa,01/25,2022-09-01 19:50
43,4874304025898322,visa,07/25,2022-09-01 19:50
44,4382251375646022,visa,03/27,2022-09-01 19:50
45,4603671338993166,visa,12/23,2022-09-01 19:50
46,4575121023842041,visa,02/24,2022-09-01 19:50
47,4156471097109372,visa,05/26,2022-09-01 19:50
48,4388543098554499,visa,12/25,2022-09-01 19:50
49,4232800028106875,visa,02/27,2022-09-01 19:50
50,4478986472077390,visa,10/23,2022-09-01 19:50
51,4932794356606049,visa,10/25,2022-09-01 19:50
52,4355063108695256,visa,03/25,2022-09-01 19:50
53,4045722857601932,visa,07/24,2022-09-01 19:50
54,4291880029248544,visa,09/26,2022-09-01 19:50
55,4762188703287006,visa,07/26,2022-09-01 19:50
56,4636230838127501,visa,02/25,2022-09-01 19:50
57,4237235980130917,visa,05/23,2022-09-01 19:50
58,4890727481889296,visa,01/25,2022-09-01 19:50
59,4544134641441623,visa,10/22,2022-09-01 19:50
60,4346625458746673,visa,05/22,2022-09-01 19:50
61,4927733348128818,visa,01/26,2022-09-01 19:50
62,4492029975568680,visa,11/22,2022-09-01 19:50
63,4858250082622206,visa,04/26,2022-09-01 19:50
64,4003799536246115,visa,04/22,2022-09-01 19:50
65,4107377460794114,visa,03/25,2022-09-01 19:50
66,4804713488912948,visa,03/23,2022-09-01 19:50
67,4465713419118656,visa,07/26,2022-09-01 19:50
68,4670184530498800,visa,01/26,2022-09-01 19:50
69,4295469415457855,visa,12/26,2022-09-01 19:50
70,4564162231458983,visa,09/25,2022-09-01 19:50
71,4502324163930919,visa,06/22,2022-09-01 19:50
72,4296739141110146,visa,02/23,2022-09-01 19:50
73,4618068032922539,visa,02/26,2022-09-01 19:50
74,4834903554209477,visa,10/22,2022-09-01 19:50
75,4208189274211609,visa,02/22,2022-09-01 19:50
76,4996574944074667,visa,01/22,2022-09-01 19:50
77,4852001374785730,visa,01/27,2022-09-01 19:50
78,4450263371338055,visa,02/23,2022-09-01 19:50
79,4063470084069351,visa,11/22,2022-09-01 19:50
80,4295111158682568,visa,12/25,2022-09-01 19:50
81,4464698007635586,visa,08/25,2022-09-01 19:50
82,4412240992440491,visa,10/22,2022-09-01 19:50
83,4912671486611368,visa,03/23,2022-09-01 19:50
84,4112612119839750,visa,03/27,2022-09-01 19:50
85,4417804876176722,visa,03/24,2022-09-01 19:50
86,4231660675549640,visa,01/25,2022-09-01 19:50
87,4779791506239800,visa,08/24,2022-09-01 19:50
88,4692581232693386,visa,12/26,2022-09-01 19:50
89,4119810959439912,visa,01/24,2022-09-01 19:50
90,4534470426799971,visa,12/22,2022-09-01 19:50
91,4254044590024181,visa,04/27,2022-09-01 19:50
92,4391552135393444,visa,09/26,2022-09-01 19:50
93,4659295496557788,visa,08/26,2022-09-01 19:50
94,4604924388048285,visa,12/23,2022-09-01 19:50
95,4459969302608785,visa,05/23,2022-09-01 19:50
96,4407064212848912,visa,11/23,2022-09-01 19:50
97,4578465265846427,visa,01/23,2022-09-01 19:50
98,4916653395002471,visa,03/25,2022-09-01 19:50
99,4544203314048765,visa,12/26,2022-09-01 19:50
100,4257346065115080,visa,07/22,2022-09-01 19:50
101,4235181092936050,visa,02/24,2022-09-01 19:50
102,4760227901936378,visa,02/24,2022-09-01 19:50
103,4184742108419919,visa,05/25,2022-09-01 19:50
104,4673662641541995,visa,08/22,2022-09-01 19:50
105,4663486986243146,visa,03/23,2022-09-01 19:50
106,4302318834651757,visa,03/25,2022-09-01 19:50
107,4027985061271444,visa,10/23,2022-09-01 19:50
108,4534283620214097,visa,02/25,2022-09-01 19:50
109,4515764990899487,visa,12/25,2022-09-01 19:50
110,4221806116013967,visa,01/23,2022-09-01 19:50
111,4225547256727018,visa,01/23,2022-09-01 19:50
112,4797751386008277,visa,08/25,2022-09-01 19:50
113,4155467424394266,visa,04/27,2022-09-01 19:50
114,4114577275897108,visa,11/24,2022-09-01 19:50
115,4759759177080146,visa,04/27,2022-09-01 19:50
116,4533401604007789,visa,07/24,2022-09-01 19:50
117,4928442302922211,visa,02/25,2022-09-01 19:50
118,4699776282576563,visa,01/26,2022-09-01 19:50
119,4989125842799621,visa,04/22,2022-09-01 19:50
120,4393774757058422,visa,08/25,2022-09-01 19:50
121,4467232297947688,visa,03/22,2022-09-01 19:50
122,4300569899980034,visa,02/24,2022-09-01 19:50
123,4439469786732172,visa,03/27,2022-09-01 19:50
124,4954570175982966,visa,06/26,2022-09-01 19:50
125,4272465718946864,visa,10/26,2022-09-01 19:50
126,4996553417303563,visa,04/22,2022-09-01 19:50
127,4054706366596780,visa,01/26,2022-09-01 19:50
128,4745987647938208,visa,01/22,2022-09-01 19:50
129,4339372072278598,visa,02/23,2022-09-01 19:50
130,4841871056219149,visa,06/25,2022-09-01 19:50
131,4902744791992104,visa,10/26,2022-09-01 19:50
132,4493177137495372,visa,07/23,2022-09-01 19:50
133,4706413324455660,visa,03/22,2022-09-01 19:50
134,4484294868115938,visa,12/26,2022-09-01 19:50
135,4718401465375983,visa,08/26,2022-09-01 19:50
136,4436447837632651,visa,01/22,2022-09-01 19:50
137,4225852972930924,visa,03/22,2022-09-01 19:50
138,4565376751743421,visa,10/23,2022-09-01 19:50
139,4201456952994286,visa,01/25,2022-09-01 19:50
140,4871441949960169,visa,09/22,2022-09-01 19:50
141,4824418235897204,visa,03/22,2022-09-01 19:50
142,4032867195967993,visa,05/23,2022-09-01 19:50
143,4653478547722587,visa,04/26,2022-09-01 19:50
144,4736061513625884,visa,03/22,2022-09-01 19:50
145,4855658408383837,visa,10/26,2022-09-01 19:50
146,4940505308708596,visa,06/26,2022-09-01 19:50
147,4548418159322176,visa,03/26,2022-09-01 19:50
148,4032402570766198,visa,07/26,2022-09-01 19:50
149,4418250455051143,visa,03/22,2022-09-01 19:50
150,4793203863253483,visa,09/22,2022-09-01 19:50
151,4674602807041082,visa,02/26,2022-09-01 19:50
152,4066589922263186,visa,12/25,2022-09-01 19:50
153,4379423592082670,visa,12/25,2022-09-01 19:50
154,4812777581928028,visa,11/24,2022-09-01 19:50
155,4000323325541926,visa,07/22,2022-09-01 19:50
156,4572840747899770,visa,11/22,2022-09-01 19:50
157,4565340585089906,visa,01/23,2022-09-01 19:50
158,4302984755459593,visa,06/26,2022-09-01 19:50
159,4734351999303680,visa,05/22,2022-09-01 19:50
160,4963241168009873,visa,11/22,2022-09-01 19:50
161,4962928182239319,visa,11/25,2022-09-01 19:50
162,4709001521516926,visa,12/25,2022-09-01 19:50
163,4177872707747680,visa,12/24,2022-09-01 19:50
164,4806575461679424,visa,01/23,2022-09-01 19:50
165,4518698223135508,visa,10/23,2022-09-01 19:50
166,4282753786176441,visa,09/25,2022-09-01 19:50
167,4383862105580379,visa,03/25,2022-09-01 19:50
168,4970538492346835,visa,09/23,2022-09-01 19:50
169,4184040521476842,visa,01/24,2022-09-01 19:50
170,4162515338183638,visa,04/27,2022-09-01 19:50
171,4780643526059519,visa,01/26,2022-09-01 19:50
172,4816662071803939,visa,06/26,2022-09-01 19:50
173,4948717462453693,visa,09/26,2022-09-01 19:50
174,4552309276713764,visa,09/26,2022-09-01 19:50
175,4155995497904942,visa,06/22,2022-09-01 19:50
176,4085049862790828,visa,07/22,2022-09-01 19:50
177,4589039542556831,visa,08/26,2022-09-01 19:50
178,4071255470291283,visa,10/23,2022-09-01 19:50
179,4596820450091130,visa,12/22,2022-09-01 19:50
180,4958093175235604,visa,10/26,2022-09-01 19:50
181,4015932470611509,visa,03/27,2022-09-01 19:50
182,4159622401904976,visa,06/26,2022-09-01 19:50
183,4477815199890788,visa,08/24,2022-09-01 19:50
184,4518343950434861,visa,11/26,2022-09-01 19:50
185,4354056835192630,visa,10/26,2022-09-01 19:50
186,4814447237003448,visa,06/22,2022-09-01 19:50
187,4010581045529541,visa,10/26,2022-09-01 19:50
188,4477366725162433,visa,10/22,2022-09-01 19:50
189,4944183912096646,visa,12/22,2022-09-01 19:50
190,4825923041004100,visa,09/22,2022-09-01 19:50
191,4581544194604928,visa,11/22,2022-09-01 19:50
192,4986669950826760,visa,06/22,2022-09-01 19:50
193,4072516220903348,visa,12/25,2022-09-01 19:50
194,4746574482770588,visa,06/22,2022-09-01 19:50
195,4889001640640922,visa,05/23,2022-09-01 19:50
196,4060361665586025,visa,04/24,2022-09-01 19:50
197,4633040140320329,visa,04/23,2022-09-01 19:50
198,4167149473198667,visa,04/25,2022-09-01 19:50
199,4070955465759365,visa,04/27,2022-09-01 19:50
200,4166420904624170,visa,04/26,2022-09-01 19:50
201,4229988805952531,visa,09/25,2022-09-01 19:50
202,4838018720807033,visa,10/25,2022-09-01 19:50
203,4557546673994902,visa,01/27,2022-09-01 19:50
204,4916476404327170,visa,01/25,2022-09-01 19:50
205,4027085330355977,visa,01/22,2022-09-01 19:50
206,4656467416917797,visa,05/25,2022-09-01 19:50
207,4282066712977380,visa,06/22,2022-09-01 19:50
208,4683539643034641,visa,09/22,2022-09-01 19:50
209,4920746071888942,visa,03/22,2022-09-01 19:50
210,4538970447505881,visa,02/25,2022-09-01 19:50
211,4044149520758363,visa,11/25,2022-09-01 19:50
212,4956471536597403,visa,11/26,2022-09-01 19:50
213,4971295131007000,visa,03/22,2022-09-01 19:50
214,4474762689046609,visa,02/25,2022-09-01 19:50
215,4990402608037315,visa,10/26,2022-09-01 19:50
216,4109416583927900,visa,05/23,2022-09-01 19:50
217,4018259510146271,visa,12/26,2022-09-01 19:50
218,4152074228454891,visa,01/25,2022-09-01 19:50
219,4964834484564644,visa,01/25,2022-09-01 19:50
220,4548082515193901,visa,05/23,2022-09-01 19:50
221,4664548831142671,visa,07/23,2022-09-01 19:50
222,4056000580487713,visa,11/22,2022-09-01 19:50
223,4823290100888258,visa,12/24,2022-09-01 19:50
224,4280688111906264,visa,07/24,2022-09-01 19:50
225,4256645407268627,visa,04/25,2022-09-01 19:50
226,4340735669761381,visa,10/25,2022-09-01 19:50
227,4883806594247243,visa,02/26,2022-09-01 19:50
228,4193014523214906,visa,08/22,2022-09-01 19:50
229,4551151662280250,visa,09/22,2022-09-01 19:50
230,4631278383035772,visa,12/23,2022-09-01 19:50
231,4929040946855786,visa,07/26,2022-09-01 19:50
232,4337487964411206,visa,07/24,2022-09-01 19:50
233,4163123196855675,visa,02/24,2022-09-01 19:50
234,4149919657740556,visa,03/23,2022-09-01 19:50
235,4896980081324735,visa,04/26,2022-09-01 19:50
236,4198410364253422,visa,02/23,2022-09-01 19:50
237,4522514704193904,visa,01/27,2022-09-01 19:50
238,4226071604728387,visa,10/24,2022-09-01 19:50
239,4171230858092016,visa,08/24,2022-09-01 19:50
240,4198289118271900,visa,10/22,2022-09-01 19:50
241,4766953643315894,visa,08/23,2022-09-01 19:50
242,4918033532626920,visa,01/25,2022-09-01 19:50
243,4437719279871164,visa,03/25,2022-09-01 19:50
244,4277322646120192,visa,07/22,2022-09-01 19:50
245,4434061688613280,visa,11/24,2022-09-01 19:50
246,4782625151053501,visa,10/24,2022-09-01 19:50
247,4886660947655983,visa,06/26,2022-09-01 19:50
248,4052675965121088,visa,07/25,2022-09-01 19:50
249,4972349737471042,visa,01/24,2022-09-01 19:50
250,4546370209983113,visa,12/23,2022-09-01 19:50
251,4630861160226887,visa,11/26,2022-09-01 19:50
252,4014593403474976,visa,08/23,2022-09-01 19:50
253,4191277902275713,visa,06/26,2022-09-01 19:50
254,4935858256653703,visa,03/26,2022-09-01 19:50
255,4373186013721269,visa,11/24,2022-09-01 19:50
256,4738877982476642,visa,03/27,2022-09-01 19:50
257,4236488016045432,visa,04/27,2022-09-01 19:50
258,4313505333727362,visa,07/26,2022-09-01 19:50
259,4302558564241853,visa,09/22,2022-09-01 19:50
260,4757110238314037,visa,02/27,2022-09-01 19:50
261,4171588685794769,visa,08/24,2022-09-01 19:50
262,4803968796993086,visa,03/23,2022-09-01 19:50
263,4502143962106723,visa,01/26,2022-09-01 19:50
264,4002330522123596,visa,11/22,2022-09-01 19:50
265,4064868773886861,visa,03/25,2022-09-01 19:50
266,4073886918689387,visa,05/23,2022-09-01 19:50
267,4234949468438831,visa,02/24,2022-09-01 19:50
268,4645995009385547,visa,10/26,2022-09-01 19:50
269,4896635955418431,visa,02/23,2022-09-01 19:50
270,4531167815442238,visa,02/23,2022-09-01 19:50
271,4889534485312579,visa,08/23,2022-09-01 19:50
272,4647823648081673,visa,05/27,2022-09-01 19:50
273,4459273780148699,visa,11/25,2022-09-01 19:50
274,4831276264575419,visa,09/24,2022-09-01 19:50
275,4461219122071947,visa,08/26,2022-09-01 19:50
276,4245050248806178,visa,09/23,2022-09-01 19:50
277,4581222106011785,visa,03/22,2022-09-01 19:50
278,4656157053167406,visa,08/24,2022-09-01 19:50
279,4515394373247953,visa,07/26,2022-09-01 19:50
280,4298368651173993,visa,01/27,2022-09-01 19:50
281,4240192502861542,visa,12/22,2022-09-01 19:50
282,4317369982403577,visa,03/26,2022-09-01 19:50
283,4604414628872850,visa,03/24,2022-09-01 19:50
284,4299555011178428,visa,11/24,2022-09-01 19:50
285,4640807602263226,visa,08/25,2022-09-01 19:50
286,4508600292416191,visa,11/23,2022-09-01 19:50
287,4056556887456123,visa,02/26,2022-09-01 19:50
288,4172036579165141,visa,01/24,2022-09-01 19:50
289,4115089887394903,visa,01/24,2022-09-01 19:50
290,4991539658091830,visa,10/24,2022-09-01 19:50
291,4219785543443381,visa,01/24,2022-09-01 19:50
292,4297660285997164,visa,03/25,2022-09-01 19:50
293,4287279140563913,visa,09/26,2022-09-01 19:50
294,4213957729519328,visa,08/25,2022-09-01 19:50
295,4750024758657518,visa,10/25,2022-09-01 19:50
296,4691025370450218,visa,05/27,2022-09-01 19:50
297,4635552426140120,visa,08/26,2022-09-01 19:50
298,4863997363336830,visa,02/25,2022-09-01 19:50
299,4308142387522957,visa,01/24,2022-09-01 19:50
300,4658749612470095,visa,05/26,2022-09-01 19:50
301,4880964675937845,visa,01/23,2022-09-01 19:50
302,4764722168656608,visa,07/24,2022-09-01 19:50
303,4638403816249807,visa,12/22,2022-09-01 19:50
304,4632445213578912,visa,07/25,2022-09-01 19:50
305,4109882842087838,visa,09/22,2022-09-01 19:50
306,4899552694880978,visa,07/25,2022-09-01 19:50
307,4689840185625851,visa,09/26,2022-09-01 19:50
308,4893710345621094,visa,09/25,2022-09-01 19:50
309,4909140865279457,visa,05/22,2022-09-01 19:50
310,4266739199122015,visa,02/23,2022-09-01 19:50
311,4012246815016677,visa,06/25,2022-09-01 19:50
312,4072528909845294,visa,03/25,2022-09-01 19:50
313,4989258607013779,visa,06/23,2022-09-01 19:50
314,4498492537404469,visa,08/25,2022-09-01 19:50
315,4280987120880415,visa,05/27,2022-09-01 19:50
316,4203749520569079,visa,04/24,2022-09-01 19:50
317,4163729882889941,visa,12/26,2022-09-01 19:50
318,4408839571736215,visa,02/23,2022-09-01 19:50
319,4813821109514487,visa,06/24,2022-09-01 19:50
320,4056675875824231,visa,08/22,2022-09-01 19:50
321,4959839009754007,visa,08/23,2022-09-01 19:50
322,4505415537884993,visa,12/25,2022-09-01 19:50
323,4987373834869190,visa,02/23,2022-09-01 19:50
324,4786780869992411,visa,01/26,2022-09-01 19:50
325,4183043516152817,visa,05/22,2022-09-01 19:50
326,4660663097007387,visa,04/24,2022-09-01 19:50
327,4767050658905773,visa,02/27,2022-09-01 19:50
328,4010108729508474,visa,01/22,2022-09-01 19:50
329,4172723384516333,visa,07/22,2022-09-01 19:50
330,4322428180207298,visa,11/26,2022-09-01 19:50
331,4196154070037727,visa,03/22,2022-09-01 19:50
332,4896163141176755,visa,02/25,2022-09-01 19:50
333,4198815873566702,visa,08/26,2022-09-01 19:50
334,4245345619450634,visa,08/23,2022-09-01 19:50
335,4186068852176960,visa,04/25,2022-09-01 19:50
336,4056619210608263,visa,11/24,2022-09-01 19:50
337,4170590012057630,visa,09/23,2022-09-01 19:50
338,4237307259747364,visa,11/23,2022-09-01 19:50
339,4257199041132061,visa,10/26,2022-09-01 19:50
340,4122825895636160,visa,06/25,2022-09-01 19:50
341,4166466692970028,visa,05/22,2022-09-01 19:50
342,4084075340653842,visa,12/26,2022-09-01 19:50
343,4426084054494895,visa,02/23,2022-09-01 19:50
344,4343568566831578,visa,04/23,2022-09-01 19:50
345,4692356021022448,visa,03/23,2022-09-01 19:50
346,4781288926082189,visa,05/25,2022-09-01 19:50
347,4999613767442424,visa,10/26,2022-09-01 19:50
348,4756943458959698,visa,03/25,2022-09-01 19:50
349,4219508708530408,visa,05/27,2022-09-01 19:50
350,4992025496911933,visa,09/23,2022-09-01 19:50
351,4101866351324490,visa,03/27,2022-09-01 19:50
352,4230400588593927,visa,05/26,2022-09-01 19:50
353,4567590927967015,visa,05/24,2022-09-01 19:50
354,4638658919738846,visa,10/26,2022-09-01 19:50
355,4185303632466196,visa,11/26,2022-09-01 19:50
356,4275916190001146,visa,09/24,2022-09-01 19:50
357,4534436892001754,visa,12/26,2022-09-01 19:50
358,4161281203583920,visa,07/26,2022-09-01 19:50
359,4691348550118409,visa,04/27,2022-09-01 19:50
360,4163073999371570,visa,10/25,2022-09-01 19:50
361,4056484061281995,visa,03/27,2022-09-01 19:50
362,4510061471162757,visa,12/25,2022-09-01 19:50
363,4933018679362109,visa,05/26,2022-09-01 19:50
364,4747099972454625,visa,05/24,2022-09-01 19:50
365,4252295282415010,visa,01/23,2022-09-01 19:50
366,4674922828771248,visa,04/24,2022-09-01 19:50
367,4341623297101635,visa,10/24,2022-09-01 19:50
368,4238945275458430,visa,02/24,2022-09-01 19:50
369,4275842360553635,visa,05/26,2022-09-01 19:50
370,4248392824296037,visa,11/24,2022-09-01 19:50
371,4739552646140558,visa,05/25,2022-09-01 19:50
372,4426802593908848,visa,02/26,2022-09-01 19:50
373,4194560653094566,visa,01/23,2022-09-01 19:50
374,4138806949662610,visa,06/26,2022-09-01 19:50
375,4097233583284750,visa,01/23,2022-09-01 19:50
376,4566810570302596,visa,10/24,2022-09-01 19:50
377,4249715581406507,visa,10/22,2022-09-01 19:50
378,4596843570911953,visa,08/24,2022-09-01 19:50
379,4266080866606810,visa,09/22,2022-09-01 19:50
380,4991306145150300,visa,11/23,2022-09-01 19:50
381,4626645442504542,visa,04/26,2022-09-01 19:50
382,4495193533954555,visa,12/25,2022-09-01 19:50
383,4376783432104676,visa,07/22,2022-09-01 19:50
384,4930226318785993,visa,02/25,2022-09-01 19:50
385,4264513191145288,visa,12/26,2022-09-01 19:50
386,4139514276042237,visa,08/26,2022-09-01 19:50
387,4236487917550508,visa,05/23,2022-09-01 19:50
388,4868609058049553,visa,03/22,2022-09-01 19:50
389,4924738235002623,visa,10/22,2022-09-01 19:50
390,4390726843075243,visa,11/23,2022-09-01 19:50
391,4747037713157206,visa,07/23,2022-09-01 19:50
392,4697434187093357,visa,08/22,2022-09-01 19:50
393,4907844201220057,visa,05/23,2022-09-01 19:50
394,4449081132647075,visa,03/22,2022-09-01 19:50
395,4632502830796903,visa,04/23,2022-09-01 19:50
396,4036637864420939,visa,08/23,2022-09-01 19:50
397,4920813497351531,visa,11/26,2022-09-01 19:50
398,4456686627068379,visa,03/24,2022-09-01 19:50
399,4904592348725883,visa,07/25,2022-09-01 19:50
400,4612665487789796,visa,07/24,2022-09-01 19:50
401,4267422077883458,visa,05/22,2022-09-01 19:50
402,4157956106228154,visa,04/23,2022-09-01 19:50
403,4913092500025965,visa,02/25,2022-09-01 19:50
404,4598598894586984,visa,08/24,2022-09-01 19:50
405,4692726817637825,visa,09/22,2022-09-01 19:50
406,4913172726058477,visa,12/25,2022-09-01 19:50
407,4413285173296500,visa,06/24,2022-09-01 19:50
408,4568943564049671,visa,08/24,2022-09-01 19:50
409,4879425407155687,visa,01/23,2022-09-01 19:50
410,4825006418873289,visa,12/26,2022-09-01 19:50
411,4189501841145719,visa,09/26,2022-09-01 19:50
412,4812158349077616,visa,03/25,2022-09-01 19:50
413,4874659009875749,visa,04/25,2022-09-01 19:50
414,4072709172998644,visa,11/23,2022-09-01 19:50
415,4659135117796318,visa,07/23,2022-09-01 19:50
416,4397026282229002,visa,03/24,2022-09-01 19:50
417,4241943798548238,visa,03/24,2022-09-01 19:50
418,4509694004433239,visa,05/22,2022-09-01 19:50
419,4082692264119238,visa,01/22,2022-09-01 19:50
420,4695213680755395,visa,11/23,2022-09-01 19:50
421,4666207982813188,visa,04/24,2022-09-01 19:50
422,4375728960616311,visa,11/26,2022-09-01 19:50
423,4863447464793190,visa,01/24,2022-09-01 19:50
424,4923090406392370,visa,05/24,2022-09-01 19:50
425,4317865330419298,visa,05/22,2022-09-01 19:50
426,4643109336258219,visa,06/25,2022-09-01 19:50
427,4108639985713815,visa,01/26,2022-09-01 19:50
428,4638031190878618,visa,05/25,2022-09-01 19:50
429,4595301961693970,visa,11/24,2022-09-01 19:50
430,4417506315673108,visa,09/23,2022-09-01 19:50
431,4156977301337039,visa,04/27,2022-09-01 19:50
432,4074775595338708,visa,06/26,2022-09-01 19:50
433,4591598054133046,visa,12/25,2022-09-01 19:50
434,4772610482008616,visa,01/25,2022-09-01 19:50
435,4902992123696196,visa,09/24,2022-09-01 19:50
436,4780705085153569,visa,09/24,2022-09-01 19:50
437,4561713862171023,visa,06/25,2022-09-01 19:50
438,4970938114028938,visa,05/22,2022-09-01 19:50
439,4935977392060738,visa,11/25,2022-09-01 19:50
440,4257098806973638,visa,06/23,2022-09-01 19:50
441,4853528295952022,visa,05/26,2022-09-01 19:50
442,4459474291200900,visa,02/26,2022-09-01 19:50
443,4286601238871190,visa,05/23,2022-09-01 19:50
444,4837978576778318,visa,06/25,2022-09-01 19:50
445,4863630464727116,visa,11/26,2022-09-01 19:50
446,4180992209465550,visa,08/23,2022-09-01 19:50
447,4160806832774853,visa,12/26,2022-09-01 19:50
448,4878661201604964,visa,04/23,2022-09-01 19:50
449,4782249437830945,visa,11/23,2022-09-01 19:50
450,4141472162335056,visa,07/24,2022-09-01 19:50
451,4047118215458503,visa,06/25,2022-09-01 19:50
452,4097059622606582,visa,07/23,2022-09-01 19:50
453,4123638178254919,visa,02/27,2022-09-01 19:50
454,4921618582506074,visa,08/24,2022-09-01 19:50
455,4990986745905707,visa,03/24,2022-09-01 19:50
456,4893428073388709,visa,09/23,2022-09-01 19:50
457,4731696337824901,visa,08/26,2022-09-01 19:50
458,4990752634355457,visa,06/22,2022-09-01 19:50
459,4648397038554036,visa,02/27,2022-09-01 19:50
460,4071669754867768,visa,03/25,2022-09-01 19:50
461,4075741069151026,visa,05/27,2022-09-01 19:50
462,4174313205374761,visa,08/26,2022-09-01 19:50
463,4512621755797459,visa,04/25,2022-09-01 19:50
464,4916743147529861,visa,02/27,2022-09-01 19:50
465,4896446498307226,visa,05/26,2022-09-01 19:50
466,4643606654241099,visa,11/26,2022-09-01 19:50
467,4110989699081991,visa,01/23,2022-09-01 19:50
468,4538108636789558,visa,10/24,2022-09-01 19:50
469,4586457653224192,visa,11/23,2022-09-01 19:50
470,4179527073011248,visa,03/27,2022-09-01 19:50
471,4837052476421484,visa,04/22,2022-09-01 19:50
472,4143067348546077,visa,09/23,2022-09-01 19:50
473,4720478535470719,visa,11/26,2022-09-01 19:50
474,4494402666200582,visa,07/23,2022-09-01 19:50
475,4303168132977621,visa,06/25,2022-09-01 19:50
476,4182190520674491,visa,10/25,2022-09-01 19:50
477,4354590291106742,visa,01/25,2022-09-01 19:50
478,4817626088411704,visa,10/24,2022-09-01 19:50
479,4147357156636532,visa,06/23,2022-09-01 19:50
480,4815181796558737,visa,10/22,2022-09-01 19:50
481,4845721781989035,visa,07/25,2022-09-01 19:50
482,4417378500100705,visa,06/26,2022-09-01 19:50
483,4502441401082657,visa,11/24,2022-09-01 19:50
484,4654562903413052,visa,04/27,2022-09-01 19:50
485,4605676827961325,visa,12/26,2022-09-01 19:50
486,4596835510263123,visa,01/24,2022-09-01 19:50
487,4771406832695777,visa,03/24,2022-09-01 19:50
488,4356533734077706,visa,05/27,2022-09-01 19:50
489,4630006526396129,visa,08/25,2022-09-01 19:50
490,4607192308027618,visa,10/26,2022-09-01 19:50
491,4511085840168566,visa,02/24,2022-09-01 19:50
492,4024978623984391,visa,06/22,2022-09-01 19:50
493,4867463863433581,visa,09/22,2022-09-01 19:50
494,4563117836142029,visa,04/24,2022-09-01 19:50
495,4076822316566825,visa,11/25,2022-09-01 19:50
496,4845712403251888,visa,10/26,2022-09-01 19:50
497,4183522037398355,visa,12/23,2022-09-01 19:50
498,4512839655070641,visa,11/23,2022-09-01 19:50
499,4947668721937359,visa,09/23,2022-09-01 19:50
500,4882675001257710,visa,10/25,2022-09-01 19:50
501,4402207800027127,visa,09/23,2022-09-01 19:50
502,4646283907599272,visa,05/22,2022-09-01 19:50
503,4187802570609327,visa,11/23,2022-09-01 19:50
504,4905600680366494,visa,06/25,2022-09-01 19:50
505,4251176779363353,visa,06/25,2022-09-01 19:50
506,4503665138172253,visa,03/23,2022-09-01 19:50
507,4043239720546295,visa,11/23,2022-09-01 19:50
508,4211111162683181,visa,11/23,2022-09-01 19:50
509,4217251616450532,visa,06/26,2022-09-01 19:50
510,4134800299253298,visa,05/26,2022-09-01 19:50
511,4052920679179539,visa,02/24,2022-09-01 19:50
512,4556091977534121,visa,11/25,2022-09-01 19:50
513,4946621282512781,visa,03/22,2022-09-01 19:50
514,4769975026216172,visa,12/22,2022-09-01 19:50
515,4944940215274992,visa,01/22,2022-09-01 19:50
516,4917687451555971,visa,09/22,2022-09-01 19:50
517,4567141089547086,visa,11/26,2022-09-01 19:50
518,4639142687351586,visa,06/25,2022-09-01 19:50
519,4047253075559635,visa,10/22,2022-09-01 19:50
520,4956424658905334,visa,07/26,2022-09-01 19:50
521,4031729349852409,visa,07/22,2022-09-01 19:50
522,4378927447442682,visa,03/26,2022-09-01 19:50
523,4236652509954463,visa,03/27,2022-09-01 19:50
524,4292523412341083,visa,01/27,2022-09-01 19:50
525,4133095086334549,visa,06/24,2022-09-01 19:50
526,4214331812017609,visa,03/25,2022-09-01 19:50
527,4841043406691555,visa,09/23,2022-09-01 19:50
528,4091869317089001,visa,05/25,2022-09-01 19:50
529,4622803951057873,visa,09/24,2022-09-01 19:50
530,4572105480525499,visa,04/24,2022-09-01 19:50
531,4285231456799450,visa,02/27,2022-09-01 19:50
532,4059935491589734,visa,02/24,2022-09-01 19:50
533,4291303864962467,visa,07/26,2022-09-01 19:50
534,4658649365031856,visa,03/24,2022-09-01 19:50
535,4579232106351051,visa,01/27,2022-09-01 19:50
536,4362323776298408,visa,08/23,2022-09-01 19:50
537,4657100804026637,visa,01/23,2022-09-01 19:50
538,4954398793852092,visa,09/26,2022-09-01 19:50
539,4931721293525314,visa,03/25,2022-09-01 19:50
540,4454033058193891,visa,01/26,2022-09-01 19:50
541,4079807396198703,visa,07/25,2022-09-01 19:50
542,4962757374038209,visa,04/24,2022-09-01 19:50
543,4344556050668050,visa,01/27,2022-09-01 19:50
544,4297017751265305,visa,05/22,2022-09-01 19:50
545,4715374691239641,visa,12/22,2022-09-01 19:50
546,4948769133322195,visa,12/23,2022-09-01 19:50
547,4562502205779041,visa,10/25,2022-09-01 19:50
548,4403302807592964,visa,07/25,2022-09-01 19:50
549,4880533759481978,visa,01/26,2022-09-01 19:50
550,4968734248761310,visa,05/26,2022-09-01 19:50
551,4532537822226940,visa,05/25,2022-09-01 19:50
552,4795177792394964,visa,10/22,2022-09-01 19:50
553,4164428832162439,visa,03/27,2022-09-01 19:50
554,4600476563394822,visa,08/22,2022-09-01 19:50
555,4990077763535350,visa,09/25,2022-09-01 19:50
556,4628478412490452,visa,01/26,2022-09-01 19:50
557,4999763787658689,visa,08/24,2022-09-01 19:50
558,4047035201019364,visa,10/23,2022-09-01 19:50
559,4507951807712496,visa,11/26,2022-09-01 19:50
560,4558437446319586,visa,09/26,2022-09-01 19:50
561,4604722259153832,visa,04/27,2022-09-01 19:50
562,4817642951754088,visa,02/26,2022-09-01 19:50
563,4515188652242507,visa,06/23,2022-09-01 19:50
564,4956375396028856,visa,06/22,2022-09-01 19:50
565,4956053970567298,visa,09/26,2022-09-01 19:50
566,4172309277595012,visa,08/23,2022-09-01 19:50
567,4873162508562232,visa,03/26,2022-09-01 19:50
568,4815333028167429,visa,08/22,2022-09-01 19:50
569,4734534259756925,visa,12/23,2022-09-01 19:50
570,4652270548978073,visa,08/22,2022-09-01 19:50
571,4674821025800943,visa,09/24,2022-09-01 19:50
572,4297941636273590,visa,10/22,2022-09-01 19:50
573,4665936921329689,visa,04/25,2022-09-01 19:50
574,4316943474664747,visa,08/26,2022-09-01 19:50
575,4862486694523044,visa,06/26,2022-09-01 19:50
576,4918196756581566,visa,12/23,2022-09-01 19:50
577,4239275829775017,visa,02/22,2022-09-01 19:50
578,4788637540114955,visa,12/23,2022-09-01 19:50
579,4006950550652806,visa,05/23,2022-09-01 19:50
580,4568906894749799,visa,12/25,2022-09-01 19:50
581,4503184791500677,visa,11/24,2022-09-01 19:50
582,4773850170339936,visa,07/25,2022-09-01 19:50
583,4549352716260950,visa,04/26,2022-09-01 19:50
584,4324257025338341,visa,12/22,2022-09-01 19:50
585,4772039455460119,visa,03/26,2022-09-01 19:50
586,4199186927335810,visa,05/24,2022-09-01 19:50
587,4978837587432787,visa,11/26,2022-09-01 19:50
588,4295947736465426,visa,06/26,2022-09-01 19:50
589,4681244854065424,visa,03/26,2022-09-01 19:50
590,4618003302050802,visa,07/26,2022-09-01 19:50
591,4217794863222880,visa,12/22,2022-09-01 19:50
592,4224744924923548,visa,05/27,2022-09-01 19:50
593,4953763368097624,visa,01/27,2022-09-01 19:50
594,4860599601748991,visa,01/25,2022-09-01 19:50
595,4991299196397278,visa,06/23,2022-09-01 19:50
596,4590233626435213,visa,11/26,2022-09-01 19:50
597,4184971052918747,visa,04/23,2022-09-01 19:50
598,4399823487975712,visa,01/25,2022-09-01 19:50
599,4130716471597621,visa,09/24,2022-09-01 19:50
600,4387575280613031,visa,07/26,2022-09-01 19:50
601,4755562103765028,visa,02/27,2022-09-01 19:50
602,4972683080463630,visa,05/24,2022-09-01 19:50
603,4738298435584223,visa,02/23,2022-09-01 19:50
604,4767343546288753,visa,06/24,2022-09-01 19:50
605,4247897491569178,visa,12/24,2022-09-01 19:50
606,4032813749457248,visa,02/24,2022-09-01 19:50
607,4071812435517044,visa,01/25,2022-09-01 19:50
608,4422695741483506,visa,04/25,2022-09-01 19:50
609,4370271998669296,visa,11/26,2022-09-01 19:50
610,4782192361332696,visa,01/25,2022-09-01 19:50
611,4230271043907709,visa,07/23,2022-09-01 19:50
612,4297184904483365,visa,01/23,2022-09-01 19:50
613,4474116889949601,visa,03/25,2022-09-01 19:50
614,4606378660137811,visa,07/23,2022-09-01 19:50
615,4539791285610032,visa,11/23,2022-09-01 19:50
616,4794574444824557,visa,11/25,2022-09-01 19:50
617,4512666926191421,visa,02/23,2022-09-01 19:50
618,4426561451915374,visa,06/24,2022-09-01 19:50
619,4072073662689936,visa,02/24,2022-09-01 19:50
620,4417649408886292,visa,01/27,2022-09-01 19:50
621,4635425922595461,visa,07/22,2022-09-01 19:50
622,4661166931354394,visa,05/22,2022-09-01 19:50
623,4107649371756386,visa,02/26,2022-09-01 19:50
624,4634752572749788,visa,08/26,2022-09-01 19:50
625,4840529625516699,visa,06/22,2022-09-01 19:50
626,4386944936599245,visa,05/22,2022-09-01 19:50
627,4035669040161880,visa,06/23,2022-09-01 19:50
628,4044006711602950,visa,09/24,2022-09-01 19:50
629,4360435581542333,visa,08/25,2022-09-01 19:50
630,4848825254632894,visa,09/25,2022-09-01 19:50
631,4892578577996117,visa,12/23,2022-09-01 19:50
632,4329449675914290,visa,07/26,2022-09-01 19:50
633,4457083635148238,visa,12/25,2022-09-01 19:50
634,4773384968416151,visa,03/26,2022-09-01 19:50
635,4735581663664541,visa,12/25,2022-09-01 19:50
636,4318506909423282,visa,01/26,2022-09-01 19:50
637,4191659883634853,visa,07/25,2022-09-01 19:50
638,4866928938600308,visa,12/24,2022-09-01 19:50
639,4007861265681411,visa,03/23,2022-09-01 19:50
640,4848585335514525,visa,01/25,2022-09-01 19:50
641,4407135164641917,visa,07/23,2022-09-01 19:50
642,4808651494928332,visa,05/22,2022-09-01 19:50
643,4405187723843510,visa,07/26,2022-09-01 19:50
644,4559912188460367,visa,04/23,2022-09-01 19:50
645,4773425289040806,visa,11/24,2022-09-01 19:50
646,4648341054184120,visa,11/24,2022-09-01 19:50
647,4343273546026304,visa,02/26,2022-09-01 19:50
648,4299093116672442,visa,04/26,2022-09-01 19:50
649,4707593137525483,visa,08/24,2022-09-01 19:50
650,4121849807923244,visa,04/26,2022-09-01 19:50
651,4233716234629147,visa,10/24,2022-09-01 19:50
652,4587129055118889,visa,01/23,2022-09-01 19:50
653,4965352779063643,visa,02/27,2022-09-01 19:50
654,4411866114032864,visa,11/25,2022-09-01 19:50
655,4664906329484064,visa,06/22,2022-09-01 19:50
656,4846696659967108,visa,01/27,2022-09-01 19:50
657,4184793705574762,visa,09/22,2022-09-01 19:50
658,4261111549394857,visa,02/26,2022-09-01 19:50
659,4496552549494154,visa,03/27,2022-09-01 19:50
660,4936368304338116,visa,04/25,2022-09-01 19:50
661,4043005422002519,visa,02/24,2022-09-01 19:50
662,4156411722023424,visa,02/25,2022-09-01 19:50
663,4423174551444890,visa,11/23,2022-09-01 19:50
664,4904488978300040,visa,07/26,2022-09-01 19:50
665,4987192691059137,visa,02/22,2022-09-01 19:50
666,4183886808298593,visa,03/25,2022-09-01 19:50
667,4222689788431660,visa,06/25,2022-09-01 19:50
668,4857096614618845,visa,01/23,2022-09-01 19:50
669,4017000212539699,visa,03/24,2022-09-01 19:50
670,4678255098755179,visa,06/23,2022-09-01 19:50
671,4577712371266045,visa,03/24,2022-09-01 19:50
672,4895940069843701,visa,08/26,2022-09-01 19:50
673,4858023910974333,visa,12/25,2022-09-01 19:50
674,4200649824860278,visa,01/25,2022-09-01 19:50
675,4835817593104052,visa,06/23,2022-09-01 19:50
676,4984384623009925,visa,06/23,2022-09-01 19:50
677,4738929969421958,visa,08/25,2022-09-01 19:50
678,4007002972530324,visa,02/23,2022-09-01 19:50
679,4946100116542868,visa,06/23,2022-09-01 19:50
680,4279480463861930,visa,02/27,2022-09-01 19:50
681,4873456208052167,visa,02/25,2022-09-01 19:50
682,4653795639795555,visa,12/26,2022-09-01 19:50
683,4190505699787263,visa,01/27,2022-09-01 19:50
684,4177185235377783,visa,08/26,2022-09-01 19:50
685,4906744736258815,visa,04/22,2022-09-01 19:50
686,4635434271903334,visa,10/24,2022-09-01 19:50
687,4400483059113114,visa,07/25,2022-09-01 19:50
688,4695004437240223,visa,06/25,2022-09-01 19:50
689,4036815845407205,visa,01/27,2022-09-01 19:50
690,4532767622807066,visa,02/27,2022-09-01 19:50
691,4383754396172026,visa,12/23,2022-09-01 19:50
692,4662745322448300,visa,08/26,2022-09-01 19:50
693,4612958051973460,visa,05/24,2022-09-01 19:50
694,4979889973041895,visa,11/26,2022-09-01 19:50
695,4136344429530059,visa,02/25,2022-09-01 19:50
696,4496121022855727,visa,06/26,2022-09-01 19:50
697,4443345171481233,visa,05/27,2022-09-01 19:50
698,4697111123445202,visa,11/23,2022-09-01 19:50
699,4077012147709559,visa,06/23,2022-09-01 19:50
700,4056519913904581,visa,03/26,2022-09-01 19:50
701,4383422408907553,visa,02/27,2022-09-01 19:50
702,4549545145602409,visa,08/24,2022-09-01 19:50
703,4132450234862753,visa,01/24,2022-09-01 19:50
704,4486477105236926,visa,07/23,2022-09-01 19:50
705,4076984025466521,visa,05/24,2022-09-01 19:50
706,4171019180661451,visa,09/23,2022-09-01 19:50
707,4733531438418253,visa,01/23,2022-09-01 19:50
708,4016920934553846,visa,04/27,2022-09-01 19:50
709,4322617096913250,visa,08/24,2022-09-01 19:50
710,4206450696041558,visa,07/25,2022-09-01 19:50
711,4638254804033533,visa,02/24,2022-09-01 19:50
712,4928737432664066,visa,11/22,2022-09-01 19:50
713,4096056259588241,visa,06/22,2022-09-01 19:50
714,4414597788655709,visa,04/27,2022-09-01 19:50
715,4150510463336626,visa,07/23,2022-09-01 19:50
716,4637647896048205,visa,06/23,2022-09-01 19:50
717,4500200045207902,visa,01/26,2022-09-01 19:50
718,4634413521230475,visa,05/25,2022-09-01 19:50
719,4247952694425510,visa,09/22,2022-09-01 19:50
720,4432169732199610,visa,04/23,2022-09-01 19:50
721,4064363292702922,visa,09/26,2022-09-01 19:50
722,4888740586088502,visa,10/26,2022-09-01 19:50
723,4134968828490408,visa,08/23,2022-09-01 19:50
724,4541294123136241,visa,06/24,2022-09-01 19:50
725,4712594264204465,visa,10/25,2022-09-01 19:50
726,4848693028002491,visa,09/26,2022-09-01 19:50
727,4642829196814378,visa,03/26,2022-09-01 19:50
728,4539410871660828,visa,09/22,2022-09-01 19:50
729,4228349519544885,visa,09/26,2022-09-01 19:50
730,4906018559038046,visa,07/25,2022-09-01 19:50
731,4047826081421104,visa,04/23,2022-09-01 19:50
732,4587493681716155,visa,03/22,2022-09-01 19:50
733,4428482819884574,visa,04/25,2022-09-01 19:50
734,4685966460215706,visa,03/23,2022-09-01 19:50
735,4132067968690349,visa,06/25,2022-09-01 19:50
736,4143052583543666,visa,03/24,2022-09-01 19:50
737,4918977460928395,visa,05/23,2022-09-01 19:50
738,4655732643934167,visa,10/24,2022-09-01 19:50
739,4926057769846455,visa,06/26,2022-09-01 19:50
740,4016608575557297,visa,06/23,2022-09-01 19:50
741,4001468975474818,visa,06/26,2022-09-01 19:50
742,4360610882473806,visa,09/23,2022-09-01 19:50
743,4589351861743670,visa,03/26,2022-09-01 19:50
744,4504507687081189,visa,02/22,2022-09-01 19:50
745,4692191982001226,visa,11/25,2022-09-01 19:50
746,4186482879569547,visa,06/23,2022-09-01 19:50
747,4163896816366427,visa,03/26,2022-09-01 19:50
748,4048159828095075,visa,09/25,2022-09-01 19:50
749,4031430313329876,visa,11/25,2022-09-01 19:50
750,4851986555305780,visa,07/22,2022-09-01 19:50
751,4576086433621948,visa,10/26,2022-09-01 19:50
752,4327090937866720,visa,01/25,2022-09-01 19:50
753,4634130849674370,visa,06/23,2022-09-01 19:50
754,4948886259268208,visa,06/22,2022-09-01 19:50
755,4253298039887514,visa,05/26,2022-09-01 19:50
756,4049623864921956,visa,07/22,2022-09-01 19:50
757,4022717899863521,visa,06/26,2022-09-01 19:50
758,4547476694884002,visa,01/23,2022-09-01 19:50
759,4191451879208383,visa,03/27,2022-09-01 19:50
760,4054820374909255,visa,10/24,2022-09-01 19:50
761,4270025959810229,visa,06/23,2022-09-01 19:50
762,4692515317976332,visa,12/22,2022-09-01 19:50
763,4865448437011833,visa,06/24,2022-09-01 19:50
764,4038150065544828,visa,01/26,2022-09-01 19:50
765,4391874500031544,visa,03/24,2022-09-01 19:50
766,4467508211190640,visa,03/27,2022-09-01 19:50
767,4509566354172676,visa,05/23,2022-09-01 19:50
768,4128818208635148,visa,01/24,2022-09-01 19:50
769,4124356302180566,visa,02/27,2022-09-01 19:50
770,4549585131105124,visa,09/24,2022-09-01 19:50
771,4205814493906795,visa,10/25,2022-09-01 19:50
772,4277974303984862,visa,12/22,2022-09-01 19:50
773,4917436684884075,visa,12/24,2022-09-01 19:50
774,4966010665361633,visa,07/24,2022-09-01 19:50
775,4552043286218338,visa,07/24,2022-09-01 19:50
776,4548921669465245,visa,07/26,2022-09-01 19:50
777,4207936568663577,visa,06/23,2022-09-01 19:50
778,4481839332197996,visa,12/26,2022-09-01 19:50
779,4866209098707591,visa,07/23,2022-09-01 19:50
780,4716669374342581,visa,02/27,2022-09-01 19:50
781,4962570906152020,visa,11/25,2022-09-01 19:50
782,4125047564794470,visa,12/23,2022-09-01 19:50
783,4054032754535458,visa,08/22,2022-09-01 19:50
784,4552174898485088,visa,06/23,2022-09-01 19:50
785,4138936143407916,visa,02/26,2022-09-01 19:50
786,4284354782948715,visa,02/24,2022-09-01 19:50
787,4555445880490840,visa,02/22,2022-09-01 19:50
788,4340073959021047,visa,07/23,2022-09-01 19:50
789,4035245967638281,visa,06/24,2022-09-01 19:50
790,4781237094338832,visa,01/25,2022-09-01 19:50
791,4237998552414569,visa,07/24,2022-09-01 19:50
792,4671055201608480,visa,10/24,2022-09-01 19:50
793,4920355418495856,visa,11/25,2022-09-01 19:50
794,4496522561090032,visa,05/24,2022-09-01 19:50
795,4749857112876553,visa,11/26,2022-09-01 19:50
796,4281621860681316,visa,05/22,2022-09-01 19:50
797,4840366967984841,visa,01/26,2022-09-01 19:50
798,4475675489031184,visa,04/23,2022-09-01 19:50
799,4366321576387583,visa,07/23,2022-09-01 19:50
800,4668251232497606,visa,11/22,2022-09-01 19:50
801,4734716504534088,visa,07/22,2022-09-01 19:50
802,4011619599810161,visa,09/22,2022-09-01 19:50
803,4292062826166968,visa,01/23,2022-09-01 19:50
804,4494811172269347,visa,07/25,2022-09-01 19:50
805,4737341284434784,visa,02/22,2022-09-01 19:50
806,4404042547074597,visa,11/25,2022-09-01 19:50
807,4241695613409802,visa,08/22,2022-09-01 19:50
808,4851051011319568,visa,02/22,2022-09-01 19:50
809,4024749996546525,visa,06/24,2022-09-01 19:50
810,4767546054909756,visa,09/22,2022-09-01 19:50
811,4800626934861234,visa,06/25,2022-09-01 19:50
812,4372042776374666,visa,06/24,2022-09-01 19:50
813,4875828418562789,visa,05/22,2022-09-01 19:50
814,4663589411345558,visa,02/24,2022-09-01 19:50
815,4799040518482321,visa,10/24,2022-09-01 19:50
816,4529664526565871,visa,07/23,2022-09-01 19:50
817,4717688633138514,visa,02/24,2022-09-01 19:50
818,4507171187988430,visa,03/27,2022-09-01 19:50
819,4322863042645238,visa,03/25,2022-09-01 19:50
820,4011382095241155,visa,09/22,2022-09-01 19:50
821,4279058855424853,visa,06/24,2022-09-01 19:50
822,4858273052735469,visa,05/24,2022-09-01 19:50
823,4050035166401890,visa,06/26,2022-09-01 19:50
824,4193899765132133,visa,07/26,2022-09-01 19:50
825,4593595867961777,visa,05/22,2022-09-01 19:50
826,4444959007610374,visa,12/25,2022-09-01 19:50
827,4140589456206544,visa,03/22,2022-09-01 19:50
828,4315213125906322,visa,05/22,2022-09-01 19:50
829,4421833463642311,visa,04/24,2022-09-01 19:50
830,4088284352412552,visa,12/23,2022-09-01 19:50
831,4136313992599973,visa,03/23,2022-09-01 19:50
832,4059852277897159,visa,12/25,2022-09-01 19:50
833,4167653876012714,visa,04/26,2022-09-01 19:50
834,4610739772483860,visa,08/22,2022-09-01 19:50
835,4803024348181323,visa,05/24,2022-09-01 19:50
836,4487888463568628,visa,09/22,2022-09-01 19:50
837,4930926889654169,visa,05/24,2022-09-01 19:50
838,4629435047384889,visa,02/22,2022-09-01 19:50
839,4119240200219303,visa,01/23,2022-09-01 19:50
840,4025519506897331,visa,04/24,2022-09-01 19:50
841,4732919137375380,visa,12/23,2022-09-01 19:50
842,4166951976633285,visa,03/23,2022-09-01 19:50
843,4267694015107907,visa,12/24,2022-09-01 19:50
844,4543919718856062,visa,05/24,2022-09-01 19:50
845,4147187677980626,visa,11/22,2022-09-01 19:50
846,4897277640695450,visa,04/22,2022-09-01 19:50
847,4681432555565053,visa,09/24,2022-09-01 19:50
848,4876334456804364,visa,08/23,2022-09-01 19:50
849,4781817742017217,visa,06/24,2022-09-01 19:50
850,4304682355563370,visa,10/25,2022-09-01 19:50
851,4434403470527114,visa,11/24,2022-09-01 19:50
852,4404028120484279,visa,01/26,2022-09-01 19:50
853,4913642076996526,visa,04/22,2022-09-01 19:50
854,4511044134676867,visa,03/22,2022-09-01 19:50
855,4268909010389568,visa,12/26,2022-09-01 19:50
856,4443532895216611,visa,01/23,2022-09-01 19:50
857,4941684767334928,visa,05/25,2022-09-01 19:50
858,4182881886122436,visa,01/26,2022-09-01 19:50
859,4424789605603669,visa,04/25,2022-09-01 19:50
860,4428932445126444,visa,08/24,2022-09-01 19:50
861,4645450818151078,visa,07/22,2022-09-01 19:50
862,4234953121825392,visa,10/23,2022-09-01 19:50
863,4525729837118514,visa,11/25,2022-09-01 19:50
864,4937807319937890,visa,10/26,2022-09-01 19:50
865,4178832098155983,visa,11/24,2022-09-01 19:50
866,4281803905703244,visa,04/23,2022-09-01 19:50
867,4200266960228820,visa,05/22,2022-09-01 19:50
868,4140597534738115,visa,12/24,2022-09-01 19:50
869,4445663532866472,visa,01/27,2022-09-01 19:50
870,4855787436134696,visa,07/24,2022-09-01 19:50
871,4139007422250861,visa,09/26,2022-09-01 19:50
872,4510501167899998,visa,01/26,2022-09-01 19:50
873,4879367765609782,visa,03/25,2022-09-01 19:50
874,4258238505394954,visa,05/22,2022-09-01 19:50
875,4559806964490889,visa,02/24,2022-09-01 19:50
876,4030981168158720,visa,05/27,2022-09-01 19:50
877,4335595899888645,visa,02/22,2022-09-01 19:50
878,4427392376037253,visa,07/24,2022-09-01 19:50
879,4943652890247323,visa,09/23,2022-09-01 19:50
880,4561684579720859,visa,05/24,2022-09-01 19:50
881,4068592061635980,visa,06/26,2022-09-01 19:50
882,4680618805087044,visa,05/26,2022-09-01 19:50
883,4781328480945676,visa,03/27,2022-09-01 19:50
884,4843972051617721,visa,04/22,2022-09-01 19:50
885,4061182517303370,visa,06/25,2022-09-01 19:50
886,4671657244487614,visa,10/24,2022-09-01 19:50
887,4563888033325209,visa,05/23,2022-09-01 19:50
888,4616373122851149,visa,05/23,2022-09-01 19:50
889,4923148453269709,visa,11/24,2022-09-01 19:50
890,4127904964017258,visa,12/23,2022-09-01 19:50
891,4949187185974111,visa,02/23,2022-09-01 19:50
892,4973117196955048,visa,10/25,2022-09-01 19:50
893,4054203902042800,visa,01/22,2022-09-01 19:50
894,4519418301658720,visa,10/25,2022-09-01 19:50
895,4302058968577382,visa,04/26,2022-09-01 19:50
896,4450367137716478,visa,07/23,2022-09-01 19:50
897,4746077814697768,visa,03/22,2022-09-01 19:50
898,4113696615045573,visa,05/25,2022-09-01 19:50
899,4431116543370246,visa,01/23,2022-09-01 19:50
900,4538812751641854,visa,07/22,2022-09-01 19:50
901,4610104379648920,visa,07/23,2022-09-01 19:50
902,4491434239528572,visa,08/26,2022-09-01 19:50
903,4711292767394203,visa,10/23,2022-09-01 19:50
904,4562180039969078,visa,12/24,2022-09-01 19:50
905,4136443506752568,visa,06/23,2022-09-01 19:50
906,4269879056999233,visa,09/25,2022-09-01 19:50
907,4856625003790848,visa,05/23,2022-09-01 19:50
908,4838402057014340,visa,12/26,2022-09-01 19:50
909,4175301378967155,visa,10/24,2022-09-01 19:50
910,4320497303626280,visa,10/22,2022-09-01 19:50
911,4642592325153361,visa,01/26,2022-09-01 19:50
912,4183654891990280,visa,10/25,2022-09-01 19:50
913,4095521978394396,visa,11/25,2022-09-01 19:50
914,4748980706523240,visa,11/25,2022-09-01 19:50
915,4012898870009680,visa,01/26,2022-09-01 19:50
916,4841984521776922,visa,04/22,2022-09-01 19:50
917,4861339101978619,visa,07/23,2022-09-01 19:50
918,4646045268287106,visa,01/26,2022-09-01 19:50
919,4629267759147521,visa,12/25,2022-09-01 19:50
920,4097670579825544,visa,03/26,2022-09-01 19:50
921,4908302232632583,visa,10/23,2022-09-01 19:50
922,4339870997094115,visa,07/22,2022-09-01 19:50
923,4866786033129627,visa,05/26,2022-09-01 19:50
924,4299120735926683,visa,03/22,2022-09-01 19:50
925,4725035448589558,visa,05/25,2022-09-01 19:50
926,4608919481722105,visa,09/26,2022-09-01 19:50
927,4961980119797498,visa,01/26,2022-09-01 19:50
928,4492964858437522,visa,01/26,2022-09-01 19:50
929,4865285600354081,visa,07/22,2022-09-01 19:50
930,4432929257365429,visa,07/24,2022-09-01 19:50
931,4424538045419354,visa,03/26,2022-09-01 19:50
932,4011050015488772,visa,08/22,2022-09-01 19:50
933,4652411737842759,visa,04/26,2022-09-01 19:50
934,4745457568643005,visa,09/24,2022-09-01 19:50
935,4500872239230930,visa,07/22,2022-09-01 19:50
936,4352818567742185,visa,10/25,2022-09-01 19:50
937,4909440996173839,visa,11/26,2022-09-01 19:50
938,4172793228198473,visa,01/27,2022-09-01 19:50
939,4744684937388746,visa,06/25,2022-09-01 19:50
940,4210504619231607,visa,03/26,2022-09-01 19:50
941,4306073709127377,visa,04/27,2022-09-01 19:50
942,4218990818921084,visa,04/23,2022-09-01 19:50
943,4737183409768328,visa,11/22,2022-09-01 19:50
944,4159081820274703,visa,05/23,2022-09-01 19:50
945,4209190664363066,visa,10/25,2022-09-01 19:50
946,4628791265212223,visa,09/24,2022-09-01 19:50
947,4067201649346638,visa,01/26,2022-09-01 19:50
948,4225709005373938,visa,02/27,2022-09-01 19:50
949,4218213155118291,visa,07/26,2022-09-01 19:50
950,4453444271799938,visa,02/26,2022-09-01 19:50
951,4735702293615949,visa,09/24,2022-09-01 19:50
952,4269112968876129,visa,03/27,2022-09-01 19:50
953,4856223400150699,visa,08/22,2022-09-01 19:50
954,4336035994660069,visa,10/26,2022-09-01 19:50
955,4506785011061246,visa,09/25,2022-09-01 19:50
956,4962612336129317,visa,10/22,2022-09-01 19:50
957,4314777315016028,visa,01/26,2022-09-01 19:50
958,4828127315186067,visa,08/22,2022-09-01 19:50
959,4957578375201282,visa,07/25,2022-09-01 19:50
960,4510768577806042,visa,09/22,2022-09-01 19:50
961,4503499148257437,visa,03/27,2022-09-01 19:50
962,4011544574280422,visa,11/24,2022-09-01 19:50
963,4417407460188762,visa,03/25,2022-09-01 19:50
964,4138666641555672,visa,02/25,2022-09-01 19:50
965,4853961335971589,visa,09/23,2022-09-01 19:50
966,4736318333264199,visa,07/25,2022-09-01 19:50
967,4016021493299655,visa,10/23,2022-09-01 19:50
968,4423032684752482,visa,07/23,2022-09-01 19:50
969,4263849691072973,visa,02/25,2022-09-01 19:50
970,4580262985653134,visa,11/22,2022-09-01 19:50
971,4830216763276847,visa,04/24,2022-09-01 19:50
972,4895375762643548,visa,09/26,2022-09-01 19:50
973,4926875114230608,visa,10/26,2022-09-01 19:50
974,4085005950229731,visa,11/26,2022-09-01 19:50
975,4953300964365699,visa,02/25,2022-09-01 19:50
976,4808894210886562,visa,04/25,2022-09-01 19:50
977,4706038202507116,visa,01/24,2022-09-01 19:50
978,4577437876986687,visa,03/24,2022-09-01 19:50
979,4355911085916527,visa,05/22,2022-09-01 19:50
980,4746939429506637,visa,10/23,2022-09-01 19:50
981,4588380985224268,visa,11/26,2022-09-01 19:50
982,4570139020102669,visa,12/24,2022-09-01 19:50
983,4265592758407850,visa,02/27,2022-09-01 19:50
984,4046046396803273,visa,07/22,2022-09-01 19:50
985,4759571980579028,visa,01/27,2022-09-01 19:50
986,4578486495692985,visa,03/27,2022-09-01 19:50
987,4690490079151957,visa,06/25,2022-09-01 19:50
988,4866167907247904,visa,12/24,2022-09-01 19:50
989,4142379459074950,visa,04/23,2022-09-01 19:50
990,4820562401698567,visa,05/24,2022-09-01 19:50
991,4984556224485444,visa,04/26,2022-09-01 19:50
992,4252647146863787,visa,08/24,2022-09-01 19:50
993,4199832054495758,visa,08/25,2022-09-01 19:50
994,4775899159272251,visa,01/25,2022-09-01 19:50
995,4577707126906093,visa,07/25,2022-09-01 19:50
996,4699321265907749,visa,06/26,2022-09-01 19:50
997,4785101858206963,visa,05/23,2022-09-01 19:50
998,4026963233868844,visa,12/26,2022-09-01 19:50
999,4735527040234953,visa,10/26,2022-09-01 19:50
1000,4995159748513416,visa,04/25,2022-09-01 19:50
1001,4252766358636804,visa,03/23,2022-09-01 19:50
1002,4399714656732077,visa,08/23,2022-09-01 19:50
1003,4476080433437042,visa,11/25,2022-09-01 19:50
1004,4713016200227680,visa,01/23,2022-09-01 19:50
1005,4866058874199246,visa,03/26,2022-09-01 19:50
1006,4122782245200587,visa,02/24,2022-09-01 19:50
1007,4358341351828783,visa,04/24,2022-09-01 19:50
1008,4273266352966179,visa,10/26,2022-09-01 19:50
1009,4797620067220008,visa,12/25,2022-09-01 19:50
1010,4422257918109081,visa,11/22,2022-09-01 19:50
1011,4484691207223952,visa,03/23,2022-09-01 19:50
1012,4779815485758488,visa,08/23,2022-09-01 19:50
1013,4914933756939459,visa,04/26,2022-09-01 19:50
1014,4685945280732553,visa,01/26,2022-09-01 19:50
1015,4239428512768209,visa,08/24,2022-09-01 19:50
1016,4986226439887283,visa,01/27,2022-09-01 19:50
1017,4964010368336165,visa,01/26,2022-09-01 19:50
1018,4799585946873970,visa,02/25,2022-09-01 19:50
1019,4399795062668443,visa,05/27,2022-09-01 19:50
1020,4501221159695855,visa,03/24,2022-09-01 19:50
1021,4790131345691371,visa,02/25,2022-09-01 19:50
1022,4044319535033835,visa,02/22,2022-09-01 19:50
1023,4226937526525376,visa,10/26,2022-09-01 19:50
1024,4673774390224606,visa,06/26,2022-09-01 19:50
1025,4260760514198569,visa,12/26,2022-09-01 19:50
1026,4062262509023464,visa,06/23,2022-09-01 19:50
1027,4812245640687399,visa,01/26,2022-09-01 19:50
1028,4144845551577809,visa,01/24,2022-09-01 19:50
1029,4212075962265193,visa,10/22,2022-09-01 19:50
1030,4003885636606306,visa,04/24,2022-09-01 19:50
1031,4831570724566293,visa,09/26,2022-09-01 19:50
1032,4804368007413181,visa,09/26,2022-09-01 19:50
1033,4080176536364931,visa,03/22,2022-09-01 19:50
1034,4967639225743903,visa,09/26,2022-09-01 19:50
1035,4508693871344645,visa,05/22,2022-09-01 19:50
1036,4057137613827728,visa,10/23,2022-09-01 19:50
1037,4572082727597401,visa,07/24,2022-09-01 19:50
1038,4720687158137658,visa,01/22,2022-09-01 19:50
1039,4890552643648087,visa,06/22,2022-09-01 19:50
1040,4354313548642140,visa,07/24,2022-09-01 19:50
1041,4573366597272313,visa,03/24,2022-09-01 19:50
1042,4902494534567413,visa,10/24,2022-09-01 19:50
1043,4866203337001445,visa,01/23,2022-09-01 19:50
1044,4344350558837619,visa,12/24,2022-09-01 19:50
1045,4217999836882013,visa,06/23,2022-09-01 19:50
1046,4109119338810740,visa,12/24,2022-09-01 19:50
1047,4518960075643413,visa,04/26,2022-09-01 19:50
1048,4884833397010585,visa,12/24,2022-09-01 19:50
1049,4502748373328938,visa,11/26,2022-09-01 19:50
1050,4104074976314205,visa,10/22,2022-09-01 19:50
1051,4910953044258797,visa,10/23,2022-09-01 19:50
1052,4439186450623301,visa,08/22,2022-09-01 19:50
1053,4611557149524904,visa,01/22,2022-09-01 19:50
1054,4943813567177181,visa,08/23,2022-09-01 19:50
1055,4507993266554969,visa,02/22,2022-09-01 19:50
1056,4478512547034891,visa,12/23,2022-09-01 19:50
1057,4157080515585318,visa,01/23,2022-09-01 19:50
1058,4277349791273344,visa,08/26,2022-09-01 19:50
1059,4362211565513436,visa,02/27,2022-09-01 19:50
1060,4802610856893613,visa,09/24,2022-09-01 19:50
1061,4456659611180849,visa,12/24,2022-09-01 19:50
1062,4131919841580108,visa,10/25,2022-09-01 19:50
1063,4521952183828932,visa,03/27,2022-09-01 19:50
1064,4198854676954195,visa,11/24,2022-09-01 19:50
1065,4384712663287264,visa,02/26,2022-09-01 19:50
1066,4250032517160919,visa,06/25,2022-09-01 19:50
1067,4335848325967495,visa,02/27,2022-09-01 19:50
1068,4666391135670115,visa,06/26,2022-09-01 19:50
1069,4815583873165171,visa,11/25,2022-09-01 19:50
1070,4976898164126715,visa,03/26,2022-09-01 19:50
1071,4985650188197035,visa,04/22,2022-09-01 19:50
1072,4551029152062521,visa,05/24,2022-09-01 19:50
1073,4387069901220731,visa,10/24,2022-09-01 19:50
1074,4915606737658260,visa,11/23,2022-09-01 19:50
1075,4461879332991463,visa,11/26,2022-09-01 19:50
1076,4615247828260725,visa,01/26,2022-09-01 19:50
1077,4326722970414791,visa,09/23,2022-09-01 19:50
1078,4911213295316334,visa,09/24,2022-09-01 19:50
1079,4467360740682089,visa,02/22,2022-09-01 19:50
1080,4547691521343119,visa,11/26,2022-09-01 19:50
1081,4772103066529538,visa,03/27,2022-09-01 19:50
1082,4491899460220679,visa,05/27,2022-09-01 19:50
1083,4003456744416606,visa,11/25,2022-09-01 19:50
1084,4531561863617792,visa,11/24,2022-09-01 19:50
1085,4035036429202265,visa,11/24,2022-09-01 19:50
1086,4128260468660658,visa,04/22,2022-09-01 19:50
1087,4262581809463247,visa,09/24,2022-09-01 19:50
1088,4698372389832702,visa,09/23,2022-09-01 19:50
1089,4847053207962612,visa,01/23,2022-09-01 19:50
1090,4680632830128392,visa,11/22,2022-09-01 19:50
1091,4439672645659987,visa,11/23,2022-09-01 19:50
1092,4454908897243389,visa,02/26,2022-09-01 19:50
1093,4216693120643402,visa,05/25,2022-09-01 19:50
1094,4929348667909645,visa,10/23,2022-09-01 19:50
1095,4830562308900577,visa,04/26,2022-09-01 19:50
1096,4006954890425493,visa,10/22,2022-09-01 19:50
1097,4714369682124779,visa,05/24,2022-09-01 19:50
1098,4924730373331138,visa,08/22,2022-09-01 19:50
1099,4890636231169455,visa,01/22,2022-09-01 19:50
1100,4828038157698483,visa,03/26,2022-09-01 19:50
1101,4005543738801287,visa,05/24,2022-09-01 19:50
1102,4573018155916225,visa,10/24,2022-09-01 19:50
1103,4616810689713634,visa,07/26,2022-09-01 19:50
1104,4152747325642332,visa,02/23,2022-09-01 19:50
1105,4999661259770133,visa,07/24,2022-09-01 19:50
1106,4192666087498414,visa,02/26,2022-09-01 19:50
1107,4263030128114684,visa,02/23,2022-09-01 19:50
1108,4013110134310105,visa,07/26,2022-09-01 19:50
1109,4263399123521353,visa,02/27,2022-09-01 19:50
1110,4507473765401376,visa,07/25,2022-09-01 19:50
1111,4803107556056624,visa,11/23,2022-09-01 19:50
1112,4648674559128337,visa,09/23,2022-09-01 19:50
1113,4852768796307695,visa,05/25,2022-09-01 19:50
1114,4244871913023612,visa,07/25,2022-09-01 19:50
1115,4047195516382061,visa,02/23,2022-09-01 19:50
1116,4118278219116202,visa,01/23,2022-09-01 19:50
1117,4333140264376611,visa,11/25,2022-09-01 19:50
1118,4912985578023195,visa,10/26,2022-09-01 19:50
1119,4714539663642805,visa,01/26,2022-09-01 19:50
1120,4307546488169933,visa,09/23,2022-09-01 19:50
1121,4097253035955112,visa,09/23,2022-09-01 19:50
1122,4862155307007576,visa,04/26,2022-09-01 19:50
1123,4288954245155166,visa,12/26,2022-09-01 19:50
1124,4779046974190807,visa,08/25,2022-09-01 19:50
1125,4474206587492721,visa,11/26,2022-09-01 19:50
1126,4268891906119004,visa,02/26,2022-09-01 19:50
1127,4558136484428289,visa,11/22,2022-09-01 19:50
1128,4341935119980461,visa,08/23,2022-09-01 19:50
1129,4790303908442712,visa,09/24,2022-09-01 19:50
1130,4827881925800233,visa,04/27,2022-09-01 19:50
1131,4734250862806342,visa,04/26,2022-09-01 19:50
1132,4200551944312406,visa,03/22,2022-09-01 19:50
1133,4852734895306293,visa,07/24,2022-09-01 19:50
1134,4176332408257688,visa,04/24,2022-09-01 19:50
1135,4307206161394478,visa,04/22,2022-09-01 19:50
1136,4393951161041786,visa,11/22,2022-09-01 19:50
1137,4076656864837281,visa,01/22,2022-09-01 19:50
1138,4887574640289678,visa,04/24,2022-09-01 19:50
1139,4752666157230301,visa,01/23,2022-09-01 19:50
1140,4116232611355027,visa,05/27,2022-09-01 19:50
1141,4415362437501351,visa,01/22,2022-09-01 19:50
1142,4280892470184659,visa,02/27,2022-09-01 19:50
1143,4316794637737817,visa,11/23,2022-09-01 19:50
1144,4912110093940886,visa,12/22,2022-09-01 19:50
1145,4729828407236955,visa,04/22,2022-09-01 19:50
1146,4864198034456243,visa,08/24,2022-09-01 19:50
1147,4316833825047124,visa,01/27,2022-09-01 19:50
1148,4719677336897417,visa,08/22,2022-09-01 19:50
1149,4473685579127844,visa,07/26,2022-09-01 19:50
1150,4259751444617797,visa,03/25,2022-09-01 19:50
1151,4650476687816642,visa,07/23,2022-09-01 19:50
1152,4012968355910890,visa,09/26,2022-09-01 19:50
1153,4678548979434892,visa,02/23,2022-09-01 19:50
1154,4410873142036397,visa,06/22,2022-09-01 19:50
1155,4185686668262566,visa,02/26,2022-09-01 19:50
1156,4862825903962339,visa,04/26,2022-09-01 19:50
1157,4846193536922225,visa,10/25,2022-09-01 19:50
1158,4279192013404372,visa,02/27,2022-09-01 19:50
1159,4031998947802708,visa,08/25,2022-09-01 19:50
1160,4373222373231803,visa,02/22,2022-09-01 19:50
1161,4831102191926402,visa,08/23,2022-09-01 19:50
1162,4019407989508476,visa,09/25,2022-09-01 19:50
1163,4705367227968297,visa,12/26,2022-09-01 19:50
1164,4363936854222369,visa,01/22,2022-09-01 19:50
1165,4532752501410018,visa,02/26,2022-09-01 19:50
1166,4343772548960493,visa,03/26,2022-09-01 19:50
1167,4153176051573926,visa,03/26,2022-09-01 19:50
1168,4343532670657840,visa,10/24,2022-09-01 19:50
1169,4687790986048658,visa,03/22,2022-09-01 19:50
1170,4204062295886762,visa,07/22,2022-09-01 19:50
1171,4045349625164827,visa,08/24,2022-09-01 19:50
1172,4871045302748697,visa,09/24,2022-09-01 19:50
1173,4753626327451335,visa,01/27,2022-09-01 19:50
1174,4575723451072478,visa,04/26,2022-09-01 19:50
1175,4724977958316495,visa,01/23,2022-09-01 19:50
1176,4691459635683224,visa,06/22,2022-09-01 19:50
1177,4061798593147355,visa,10/25,2022-09-01 19:50
1178,4749365122801629,visa,02/24,2022-09-01 19:50
1179,4874899286982079,visa,10/25,2022-09-01 19:50
1180,4069293169784098,visa,09/26,2022-09-01 19:50
1181,4536307339137659,visa,02/26,2022-09-01 19:50
1182,4096077933416815,visa,11/24,2022-09-01 19:50
1183,4499241818397531,visa,11/22,2022-09-01 19:50
1184,4572109307482710,visa,04/27,2022-09-01 19:50
1185,4839891313999949,visa,03/27,2022-09-01 19:50
1186,4443246899135871,visa,08/25,2022-09-01 19:50
1187,4562719527536236,visa,03/23,2022-09-01 19:50
1188,4929395523960205,visa,06/23,2022-09-01 19:50
1189,4933643352416607,visa,11/26,2022-09-01 19:50
1190,4382560915523479,visa,09/23,2022-09-01 19:50
1191,4739971771075985,visa,03/27,2022-09-01 19:50
1192,4845928127412156,visa,02/25,2022-09-01 19:50
1193,4361381888504817,visa,06/26,2022-09-01 19:50
1194,4579443785319745,visa,07/25,2022-09-01 19:50
1195,4168602386626736,visa,07/25,2022-09-01 19:50
1196,4918818581672852,visa,06/22,2022-09-01 19:50
1197,4113753922268941,visa,06/22,2022-09-01 19:50
1198,4631842571793045,visa,09/24,2022-09-01 19:50
1199,4669173834823923,visa,01/26,2022-09-01 19:50
1200,4977906016607565,visa,05/26,2022-09-01 19:50
1201,4104216579248948,visa,09/22,2022-09-01 19:50
1202,4481680059141407,visa,11/25,2022-09-01 19:50
1203,4701141034521183,visa,03/22,2022-09-01 19:50
1204,4961584486117478,visa,04/25,2022-09-01 19:50
1205,4204637067642319,visa,04/22,2022-09-01 19:50
1206,4815732877042023,visa,03/26,2022-09-01 19:50
1207,4849678069678118,visa,03/23,2022-09-01 19:50
1208,4597571695011164,visa,01/25,2022-09-01 19:50
1209,4575173758974028,visa,06/26,2022-09-01 19:50
1210,4314240969831226,visa,01/22,2022-09-01 19:50
1211,4165788462037105,visa,08/23,2022-09-01 19:50
1212,4106765758654126,visa,02/25,2022-09-01 19:50
1213,4385423353671119,visa,10/23,2022-09-01 19:50
1214,4448703380078072,visa,05/24,2022-09-01 19:50
1215,4243474533770836,visa,12/25,2022-09-01 19:50
1216,4773543471367348,visa,10/22,2022-09-01 19:50
1217,4637037259254733,visa,12/26,2022-09-01 19:50
1218,4954629940799400,visa,05/24,2022-09-01 19:50
1219,4835840253770764,visa,05/22,2022-09-01 19:50
1220,4578634856782297,visa,07/25,2022-09-01 19:50
1221,4975544600922082,visa,06/26,2022-09-01 19:50
1222,4388060080246448,visa,12/23,2022-09-01 19:50
1223,4221571167679260,visa,03/22,2022-09-01 19:50
1224,4135748339997243,visa,09/23,2022-09-01 19:50
1225,4507524133301522,visa,02/22,2022-09-01 19:50
1226,4759800894948080,visa,06/24,2022-09-01 19:50
1227,4083283714908294,visa,01/22,2022-09-01 19:50
1228,4151486263725137,visa,08/26,2022-09-01 19:50
1229,4779490595959085,visa,01/27,2022-09-01 19:50
1230,4054108351286578,visa,02/23,2022-09-01 19:50
1231,4516834908596795,visa,06/24,2022-09-01 19:50
1232,4807609885690441,visa,10/24,2022-09-01 19:50
1233,4212586041195573,visa,04/27,2022-09-01 19:50
1234,4271314097929201,visa,02/25,2022-09-01 19:50
1235,4007551996724966,visa,11/24,2022-09-01 19:50
1236,4846573223872264,visa,01/27,2022-09-01 19:50
1237,4698453158969022,visa,01/22,2022-09-01 19:50
1238,4001760125154740,visa,06/23,2022-09-01 19:50
1239,4802167315285089,visa,12/23,2022-09-01 19:50
1240,4959994399619250,visa,12/23,2022-09-01 19:50
1241,4324395877528542,visa,09/22,2022-09-01 19:50
1242,4261513015909391,visa,04/24,2022-09-01 19:50
1243,4075453714532051,visa,07/22,2022-09-01 19:50
1244,4877184556864498,visa,06/22,2022-09-01 19:50
1245,4505634337767956,visa,09/23,2022-09-01 19:50
1246,4226814813531294,visa,06/22,2022-09-01 19:50
1247,4330034215550304,visa,09/23,2022-09-01 19:50
1248,4641561956158099,visa,12/22,2022-09-01 19:50
1249,4807771260747319,visa,10/24,2022-09-01 19:50
1250,4764135714981679,visa,02/27,2022-09-01 19:50
1251,4584451670661405,visa,01/26,2022-09-01 19:50
1252,4445916313182760,visa,03/22,2022-09-01 19:50
1253,4202391647073866,visa,04/25,2022-09-01 19:50
1254,4805755876206846,visa,11/23,2022-09-01 19:50
1255,4584009260564304,visa,01/24,2022-09-01 19:50
1256,4004381777063357,visa,10/25,2022-09-01 19:50
1257,4272574654193447,visa,02/25,2022-09-01 19:50
1258,4086001098918268,visa,11/23,2022-09-01 19:50
1259,4831922793818529,visa,04/26,2022-09-01 19:50
1260,4401891361220071,visa,11/25,2022-09-01 19:50
1261,4192200589809009,visa,09/26,2022-09-01 19:50
1262,4841339097221193,visa,04/23,2022-09-01 19:50
1263,4385598913026647,visa,06/22,2022-09-01 19:50
1264,4778480364215653,visa,05/27,2022-09-01 19:50
1265,4302167010994550,visa,03/27,2022-09-01 19:50
1266,4267315359158096,visa,10/23,2022-09-01 19:50
1267,4942286671136560,visa,01/23,2022-09-01 19:50
1268,4398166686349573,visa,01/25,2022-09-01 19:50
1269,4048144750781041,visa,12/23,2022-09-01 19:50
1270,4417738934141437,visa,05/25,2022-09-01 19:50
1271,4437121271894056,visa,08/24,2022-09-01 19:50
1272,4091235785934195,visa,03/24,2022-09-01 19:50
1273,4869549432933073,visa,11/25,2022-09-01 19:50
1274,4554329497866181,visa,06/25,2022-09-01 19:50
1275,4639072052426244,visa,04/27,2022-09-01 19:50
1276,4578529931141750,visa,08/26,2022-09-01 19:50
1277,4088239565743292,visa,12/22,2022-09-01 19:50
1278,4336197351748828,visa,08/26,2022-09-01 19:50
1279,4995580398943191,visa,10/22,2022-09-01 19:50
1280,4258291236031767,visa,06/24,2022-09-01 19:50
1281,4205094877256105,visa,06/23,2022-09-01 19:50
1282,4402842659020979,visa,04/26,2022-09-01 19:50
1283,4057474808720461,visa,03/22,2022-09-01 19:50
1284,4411610292389625,visa,11/23,2022-09-01 19:50
1285,4993569755376949,visa,04/23,2022-09-01 19:50
1286,4263720412621721,visa,10/23,2022-09-01 19:50
1287,4023012131703662,visa,09/22,2022-09-01 19:50
1288,4269644075627086,visa,08/25,2022-09-01 19:50
1289,4554908927722989,visa,02/22,2022-09-01 19:50
1290,4322660269170597,visa,01/22,2022-09-01 19:50
1291,4316067837630029,visa,09/22,2022-09-01 19:50
1292,4241548998342686,visa,06/26,2022-09-01 19:50
1293,4769854627116620,visa,06/23,2022-09-01 19:50
1294,4572976303807508,visa,12/22,2022-09-01 19:50
1295,4942322610939358,visa,07/23,2022-09-01 19:50
1296,4271776861212958,visa,12/25,2022-09-01 19:50
1297,4680891196728944,visa,03/25,2022-09-01 19:50
1298,4537099914694993,visa,03/22,2022-09-01 19:50
1299,4300448301250411,visa,03/27,2022-09-01 19:50
1300,4041094710405453,visa,06/25,2022-09-01 19:50
1301,4032021173213489,visa,06/23,2022-09-01 19:50
1302,4497612431523889,visa,03/25,2022-09-01 19:50
1303,4339323221142110,visa,11/26,2022-09-01 19:50
1304,4215909337633098,visa,12/25,2022-09-01 19:50
1305,4509273054669867,visa,11/23,2022-09-01 19:50
1306,4184345163220568,visa,05/23,2022-09-01 19:50
1307,4706176324350385,visa,11/25,2022-09-01 19:50
1308,4772601145667161,visa,02/24,2022-09-01 19:50
1309,4580466508010850,visa,08/26,2022-09-01 19:50
1310,4226944419658322,visa,09/23,2022-09-01 19:50
1311,4900334516642713,visa,08/26,2022-09-01 19:50
1312,4307051025426276,visa,08/22,2022-09-01 19:50
1313,4893595383090181,visa,09/22,2022-09-01 19:50
1314,4430699911793389,visa,06/23,2022-09-01 19:50
1315,4674257834647904,visa,10/24,2022-09-01 19:50
1316,4070719751579600,visa,01/22,2022-09-01 19:50
1317,4998520332804015,visa,07/24,2022-09-01 19:50
1318,4120063666428748,visa,10/23,2022-09-01 19:50
1319,4200998696002513,visa,07/23,2022-09-01 19:50
1320,4325614523912564,visa,09/26,2022-09-01 19:50
1321,4965472431301726,visa,05/26,2022-09-01 19:50
1322,4793417237509533,visa,06/23,2022-09-01 19:50
1323,4289840059382955,visa,07/24,2022-09-01 19:50
1324,4704462020393057,visa,01/27,2022-09-01 19:50
1325,4339736885492556,visa,01/26,2022-09-01 19:50
1326,4183471911724601,visa,08/25,2022-09-01 19:50
1327,4807667713290974,visa,10/24,2022-09-01 19:50
1328,4764908928631433,visa,05/25,2022-09-01 19:50
1329,4899084683507131,visa,11/24,2022-09-01 19:50
1330,4557360890108738,visa,01/23,2022-09-01 19:50
1331,4169557131607200,visa,02/22,2022-09-01 19:50
1332,4982570567652272,visa,04/26,2022-09-01 19:50
1333,4700702588013561,visa,04/25,2022-09-01 19:50
1334,4392041265184491,visa,02/24,2022-09-01 19:50
1335,4722409519046710,visa,04/23,2022-09-01 19:50
1336,4736584966810513,visa,07/25,2022-09-01 19:50
1337,4556426990917111,visa,08/22,2022-09-01 19:50
1338,4256411909231435,visa,03/23,2022-09-01 19:50
1339,4398041958298636,visa,05/24,2022-09-01 19:50
1340,4197564878654854,visa,03/25,2022-09-01 19:50
1341,4735946793186816,visa,06/23,2022-09-01 19:50
1342,4884550899940453,visa,11/24,2022-09-01 19:50
1343,4609147109001103,visa,05/23,2022-09-01 19:50
1344,4638003171682699,visa,01/22,2022-09-01 19:50
1345,4865394238553690,visa,10/26,2022-09-01 19:50
1346,4777863631076936,visa,06/22,2022-09-01 19:50
1347,4646031947537350,visa,03/24,2022-09-01 19:50
1348,4694948148686523,visa,11/26,2022-09-01 19:50
1349,4969915146636444,visa,09/23,2022-09-01 19:50
1350,4769771978602075,visa,04/25,2022-09-01 19:50
1351,4758035858626403,visa,04/26,2022-09-01 19:50
1352,4238853522135258,visa,02/25,2022-09-01 19:50
1353,4358502544645208,visa,04/25,2022-09-01 19:50
1354,4565987770252093,visa,02/26,2022-09-01 19:50
1355,4205177420659774,visa,11/24,2022-09-01 19:50
1356,4321692727760314,visa,04/23,2022-09-01 19:50
1357,4652961406934360,visa,02/22,2022-09-01 19:50
1358,4413385833590241,visa,08/24,2022-09-01 19:50
1359,4514602061030635,visa,02/22,2022-09-01 19:50
1360,4483153410931427,visa,07/25,2022-09-01 19:50
1361,4954572641052671,visa,11/23,2022-09-01 19:50
1362,4341955590801499,visa,12/25,2022-09-01 19:50
1363,4127095710191206,visa,01/22,2022-09-01 19:50
1364,4685046397786028,visa,10/23,2022-09-01 19:50
1365,4496782065662104,visa,11/22,2022-09-01 19:50
1366,4737329906280263,visa,03/27,2022-09-01 19:50
1367,4194969305978300,visa,01/25,2022-09-01 19:50
1368,4400387596625607,visa,01/26,2022-09-01 19:50
1369,4914662150869521,visa,04/27,2022-09-01 19:50
1370,4390401003231867,visa,12/26,2022-09-01 19:50
1371,4620542774247657,visa,08/23,2022-09-01 19:50
1372,4944478719183310,visa,11/25,2022-09-01 19:50
1373,4713807209559150,visa,11/23,2022-09-01 19:50
1374,4018104713181099,visa,05/26,2022-09-01 19:50
1375,4421459930107736,visa,07/23,2022-09-01 19:50
1376,4270292562096279,visa,07/25,2022-09-01 19:50
1377,4696730979111948,visa,03/23,2022-09-01 19:50
1378,4618964619615449,visa,04/22,2022-09-01 19:50
1379,4639852038385816,visa,12/26,2022-09-01 19:50
1380,4297303127219956,visa,07/26,2022-09-01 19:50
1381,4556038082071853,visa,01/25,2022-09-01 19:50
1382,4699604086970115,visa,05/27,2022-09-01 19:50
1383,4162154123045370,visa,03/25,2022-09-01 19:50
1384,4703146596944382,visa,07/22,2022-09-01 19:50
1385,4829426507681854,visa,01/26,2022-09-01 19:50
1386,4408192920545139,visa,08/22,2022-09-01 19:50
1387,4246300946407301,visa,08/22,2022-09-01 19:50
1388,4823238287713039,visa,07/24,2022-09-01 19:50
1389,4285227945449673,visa,03/25,2022-09-01 19:50
1390,4728960607132626,visa,06/26,2022-09-01 19:50
1391,4533486885767557,visa,10/26,2022-09-01 19:50
1392,4593453429212273,visa,06/23,2022-09-01 19:50
1393,4675693142520418,visa,08/24,2022-09-01 19:50
1394,4388541903093299,visa,01/26,2022-09-01 19:50
1395,4093245571720623,visa,07/22,2022-09-01 19:50
1396,4114075070585978,visa,06/25,2022-09-01 19:50
1397,4890566335133463,visa,07/25,2022-09-01 19:50
1398,4387789640054063,visa,11/24,2022-09-01 19:50
1399,4460359492227827,visa,08/22,2022-09-01 19:50
1400,4154543264187761,visa,02/25,2022-09-01 19:50
1401,4514510648878550,visa,09/23,2022-09-01 19:50
1402,4254967070252171,visa,03/25,2022-09-01 19:50
1403,4512123934383632,visa,02/26,2022-09-01 19:50
1404,4255762023155137,visa,01/24,2022-09-01 19:50
1405,4105983007628616,visa,07/23,2022-09-01 19:50
1406,4675303235290909,visa,02/26,2022-09-01 19:50
1407,4848147413110203,visa,11/26,2022-09-01 19:50
1408,4400300794516973,visa,05/26,2022-09-01 19:50
1409,4530128021403274,visa,12/23,2022-09-01 19:50
1410,4494125331697847,visa,03/27,2022-09-01 19:50
1411,4073929947969279,visa,01/25,2022-09-01 19:50
1412,4573214297169696,visa,10/25,2022-09-01 19:50
1413,4343734961588797,visa,06/26,2022-09-01 19:50
1414,4139109860671721,visa,08/25,2022-09-01 19:50
1415,4258459459563077,visa,06/22,2022-09-01 19:50
1416,4722997258856976,visa,10/24,2022-09-01 19:50
1417,4400334426368602,visa,06/25,2022-09-01 19:50
1418,4345266892193049,visa,10/25,2022-09-01 19:50
1419,4869114315851650,visa,07/24,2022-09-01 19:50
1420,4373169624392514,visa,06/26,2022-09-01 19:50
1421,4124415722473843,visa,08/26,2022-09-01 19:50
1422,4069392146334611,visa,05/27,2022-09-01 19:50
1423,4007444234897432,visa,01/25,2022-09-01 19:50
1424,4475553577923739,visa,11/24,2022-09-01 19:50
1425,4488161890134490,visa,04/25,2022-09-01 19:50
1426,4606030590542079,visa,05/22,2022-09-01 19:50
1427,4151201525534387,visa,05/22,2022-09-01 19:50
1428,4641025220953719,visa,04/24,2022-09-01 19:50
1429,4836723942044834,visa,04/24,2022-09-01 19:50
1430,4464983564137352,visa,02/26,2022-09-01 19:50
1431,4247422112770160,visa,02/25,2022-09-01 19:50
1432,4377860892811641,visa,03/23,2022-09-01 19:50
1433,4843428721510291,visa,02/22,2022-09-01 19:50
1434,4633106644846828,visa,06/24,2022-09-01 19:50
1435,4137709749259770,visa,05/22,2022-09-01 19:50
1436,4144464435617102,visa,03/22,2022-09-01 19:50
1437,4773430973341486,visa,02/26,2022-09-01 19:50
1438,4713578337752591,visa,02/25,2022-09-01 19:50
1439,4902891266471492,visa,07/25,2022-09-01 19:50
1440,4418037696892892,visa,12/26,2022-09-01 19:50
1441,4400109238089798,visa,10/22,2022-09-01 19:50
1442,4898000030827635,visa,10/22,2022-09-01 19:50
1443,4988999578802176,visa,10/24,2022-09-01 19:50
1444,4101858752155250,visa,05/25,2022-09-01 19:50
1445,4625641055714032,visa,12/22,2022-09-01 19:50
1446,4584865973718135,visa,02/26,2022-09-01 19:50
1447,4849970707715505,visa,02/26,2022-09-01 19:50
1448,4076094619987013,visa,05/22,2022-09-01 19:50
1449,4791170053457079,visa,11/23,2022-09-01 19:50
1450,4900774615366377,visa,07/24,2022-09-01 19:50
1451,4517211576479548,visa,11/23,2022-09-01 19:50
1452,4179358160776166,visa,04/24,2022-09-01 19:50
1453,4155880766808174,visa,06/23,2022-09-01 19:50
1454,4048019192499222,visa,11/22,2022-09-01 19:50
1455,4689025799860454,visa,10/25,2022-09-01 19:50
1456,4910877077866244,visa,09/23,2022-09-01 19:50
1457,4952541558781426,visa,11/22,2022-09-01 19:50
1458,4837033520275266,visa,05/24,2022-09-01 19:50
1459,4035516667728535,visa,03/23,2022-09-01 19:50
1460,4158750524927904,visa,10/22,2022-09-01 19:50
1461,4065930522968801,visa,07/22,2022-09-01 19:50
1462,4241027808363554,visa,07/23,2022-09-01 19:50
1463,4516117681269255,visa,03/22,2022-09-01 19:50
1464,4231018989311092,visa,08/22,2022-09-01 19:50
1465,4593019235477002,visa,05/26,2022-09-01 19:50
1466,4649785182444955,visa,01/27,2022-09-01 19:50
1467,4608842301791482,visa,02/24,2022-09-01 19:50
1468,4477709106360771,visa,09/24,2022-09-01 19:50
1469,4924176649418905,visa,06/25,2022-09-01 19:50
1470,4684084254232530,visa,05/26,2022-09-01 19:50
1471,4472481725901758,visa,10/22,2022-09-01 19:50
1472,4089569454422049,visa,05/25,2022-09-01 19:50
1473,4318554304737922,visa,01/24,2022-09-01 19:50
1474,4942867170702307,visa,09/25,2022-09-01 19:50
1475,4876593400178577,visa,04/25,2022-09-01 19:50
1476,4850621241364591,visa,08/23,2022-09-01 19:50
1477,4683247166223076,visa,01/23,2022-09-01 19:50
1478,4245928420033796,visa,05/26,2022-09-01 19:50
1479,4603343112039612,visa,01/23,2022-09-01 19:50
1480,4541027012165198,visa,08/25,2022-09-01 19:50
1481,4637650888116329,visa,01/22,2022-09-01 19:50
1482,4295196677212187,visa,07/22,2022-09-01 19:50
1483,4489174364036496,visa,11/23,2022-09-01 19:50
1484,4837617840384848,visa,02/23,2022-09-01 19:50
1485,4296208515877599,visa,12/23,2022-09-01 19:50
1486,4712181823913867,visa,08/25,2022-09-01 19:50
1487,4078738768751046,visa,02/22,2022-09-01 19:50
1488,4962331660020691,visa,03/22,2022-09-01 19:50
1489,4899265822905654,visa,09/25,2022-09-01 19:50
1490,4374356182078911,visa,12/25,2022-09-01 19:50
1491,4344297841069577,visa,09/26,2022-09-01 19:50
1492,4548269955223195,visa,11/26,2022-09-01 19:50
1493,4075329373752828,visa,11/25,2022-09-01 19:50
1494,4045368045425337,visa,03/22,2022-09-01 19:50
1495,4732015323391784,visa,08/23,2022-09-01 19:50
1496,4019414777084173,visa,11/26,2022-09-01 19:50
1497,4757979385082112,visa,10/22,2022-09-01 19:50
1498,4936157134363596,visa,07/23,2022-09-01 19:50
1499,4355340231610307,visa,10/23,2022-09-01 19:50
1500,4148299918528368,visa,10/25,2022-09-01 19:50
1501,4231157129943388,visa,11/24,2022-09-01 19:50
1502,4837393359901865,visa,01/25,2022-09-01 19:50
1503,4343792413289232,visa,01/26,2022-09-01 19:50
1504,4262197375623062,visa,05/26,2022-09-01 19:50
1505,4565244478713673,visa,04/23,2022-09-01 19:50
1506,4529989164575225,visa,03/22,2022-09-01 19:50
1507,4894014437714472,visa,09/26,2022-09-01 19:50
1508,4666101201580290,visa,09/26,2022-09-01 19:50
1509,4537703854092445,visa,01/25,2022-09-01 19:50
1510,4681449399975975,visa,03/23,2022-09-01 19:50
1511,4680392613153543,visa,04/25,2022-09-01 19:50
1512,4658558026342661,visa,04/25,2022-09-01 19:50
1513,4186141071681902,visa,04/23,2022-09-01 19:50
1514,4113418794562033,visa,07/23,2022-09-01 19:50
1515,4472991285508298,visa,12/22,2022-09-01 19:50
1516,4146310370552648,visa,08/24,2022-09-01 19:50
1517,4912124033500932,visa,04/23,2022-09-01 19:50
1518,4176289741887854,visa,10/23,2022-09-01 19:50
1519,4308477157795460,visa,03/27,2022-09-01 19:50
1520,4298373988575316,visa,01/25,2022-09-01 19:50
1521,4910212545758858,visa,06/26,2022-09-01 19:50
1522,4450998302865334,visa,09/25,2022-09-01 19:50
1523,4295785147459368,visa,02/23,2022-09-01 19:50
1524,4899899195688156,visa,05/25,2022-09-01 19:50
1525,4133015493894992,visa,06/25,2022-09-01 19:50
1526,4327565518044227,visa,12/24,2022-09-01 19:50
1527,4921423732308756,visa,07/26,2022-09-01 19:50
1528,4949944070807602,visa,02/26,2022-09-01 19:50
1529,4463273975007092,visa,07/24,2022-09-01 19:50
1530,4857338583790035,visa,05/27,2022-09-01 19:50
1531,4065743683643513,visa,02/22,2022-09-01 19:50
1532,4681094163577159,visa,03/22,2022-09-01 19:50
1533,4506551945996190,visa,10/26,2022-09-01 19:50
1534,4812592099091684,visa,10/25,2022-09-01 19:50
1535,4247504813948557,visa,03/23,2022-09-01 19:50
1536,4689688366987693,visa,06/23,2022-09-01 19:50
1537,4136539122362656,visa,11/26,2022-09-01 19:50
1538,4298976089848323,visa,06/24,2022-09-01 19:50
1539,4496100459630803,visa,02/24,2022-09-01 19:50
1540,4657300020927267,visa,08/25,2022-09-01 19:50
1541,4261043987827298,visa,11/22,2022-09-01 19:50
1542,4107114000737133,visa,02/22,2022-09-01 19:50
1543,4535677756844529,visa,03/23,2022-09-01 19:50
1544,4036390922086165,visa,07/25,2022-09-01 19:50
1545,4929212650805758,visa,01/26,2022-09-01 19:50
1546,4474435882175448,visa,02/27,2022-09-01 19:50
1547,4837818088536715,visa,12/23,2022-09-01 19:50
1548,4337434146751026,visa,06/23,2022-09-01 19:50
1549,4054227366170310,visa,08/22,2022-09-01 19:50
1550,4451523647410551,visa,02/27,2022-09-01 19:50
1551,4321199533630095,visa,09/24,2022-09-01 19:50
1552,4876012202149579,visa,08/22,2022-09-01 19:50
1553,4466608367411450,visa,12/26,2022-09-01 19:50
1554,4228019232351096,visa,08/26,2022-09-01 19:50
1555,4320568653467671,visa,03/25,2022-09-01 19:50
1556,4738838365839111,visa,06/22,2022-09-01 19:50
1557,4252381543646922,visa,04/22,2022-09-01 19:50
1558,4046758017741084,visa,11/23,2022-09-01 19:50
1559,4053078231394614,visa,06/22,2022-09-01 19:50
1560,4266862510858107,visa,05/22,2022-09-01 19:50
1561,4920296576789146,visa,11/23,2022-09-01 19:50
1562,4888175770002284,visa,03/23,2022-09-01 19:50
1563,4311335581913809,visa,12/23,2022-09-01 19:50
1564,4691986572149371,visa,02/25,2022-09-01 19:50
1565,4185792910911107,visa,09/26,2022-09-01 19:50
1566,4032019521897961,visa,04/22,2022-09-01 19:50
1567,4714458779822195,visa,04/26,2022-09-01 19:50
1568,4795627907866785,visa,01/23,2022-09-01 19:50
1569,4180445215491656,visa,06/23,2022-09-01 19:50
1570,4020391212763685,visa,05/26,2022-09-01 19:50
1571,4892073890699911,visa,06/25,2022-09-01 19:50
1572,4207713531288869,visa,09/24,2022-09-01 19:50
1573,4005385042607384,visa,07/26,2022-09-01 19:50
1574,4788295948802745,visa,03/23,2022-09-01 19:50
1575,4646517257024906,visa,12/25,2022-09-01 19:50
1576,4324257764869183,visa,09/22,2022-09-01 19:50
1577,4568903643659676,visa,05/26,2022-09-01 19:50
1578,4598649623090127,visa,10/25,2022-09-01 19:50
1579,4220946715258737,visa,12/25,2022-09-01 19:50
1580,4366955469884253,visa,04/26,2022-09-01 19:50
1581,4687264864261577,visa,08/23,2022-09-01 19:50
1582,4468790673186485,visa,03/23,2022-09-01 19:50
1583,4201609549484043,visa,11/24,2022-09-01 19:50
1584,4308552654838938,visa,04/27,2022-09-01 19:50
1585,4200754460724067,visa,10/23,2022-09-01 19:50
1586,4727784554246218,visa,07/23,2022-09-01 19:50
1587,4628473285753839,visa,02/24,2022-09-01 19:50
1588,4552938733947514,visa,12/22,2022-09-01 19:50
1589,4936624857178162,visa,11/26,2022-09-01 19:50
1590,4429113846068647,visa,03/24,2022-09-01 19:50
1591,4526501123453874,visa,04/25,2022-09-01 19:50
1592,4721364873402812,visa,07/24,2022-09-01 19:50
1593,4537672790212138,visa,01/24,2022-09-01 19:50
1594,4851374465820703,visa,02/25,2022-09-01 19:50
1595,4283594288046057,visa,04/23,2022-09-01 19:50
1596,4672629248367067,visa,08/22,2022-09-01 19:50
1597,4189495721781687,visa,03/24,2022-09-01 19:50
1598,4501891090140201,visa,02/22,2022-09-01 19:50
1599,4168788737417279,visa,08/25,2022-09-01 19:50
1600,4820240235852656,visa,07/23,2022-09-01 19:50
1601,4938575311751440,visa,09/22,2022-09-01 19:50
1602,4983841885614867,visa,03/22,2022-09-01 19:50
1603,4445942069884458,visa,03/27,2022-09-01 19:50
1604,4835698922091297,visa,02/26,2022-09-01 19:50
1605,4993050798085326,visa,11/26,2022-09-01 19:50
1606,4699421020552853,visa,10/24,2022-09-01 19:50
1607,4063510990004982,visa,07/26,2022-09-01 19:50
1608,4654810165656797,visa,04/22,2022-09-01 19:50
1609,4890600034562712,visa,03/27,2022-09-01 19:50
1610,4921498699120741,visa,01/24,2022-09-01 19:50
1611,4951954492153225,visa,07/23,2022-09-01 19:50
1612,4770280366891248,visa,11/22,2022-09-01 19:50
1613,4651734873613671,visa,01/23,2022-09-01 19:50
1614,4107152133975675,visa,04/27,2022-09-01 19:50
1615,4311344244234058,visa,10/24,2022-09-01 19:50
1616,4115917870347217,visa,09/23,2022-09-01 19:50
1617,4972032952968468,visa,04/22,2022-09-01 19:50
1618,4773789851976188,visa,11/25,2022-09-01 19:50
1619,4655253539022512,visa,06/22,2022-09-01 19:50
1620,4597162015927923,visa,03/27,2022-09-01 19:50
1621,4461702494382315,visa,11/25,2022-09-01 19:50
1622,4429794226728288,visa,02/22,2022-09-01 19:50
1623,4598530539424404,visa,01/26,2022-09-01 19:50
1624,4684534624622018,visa,01/27,2022-09-01 19:50
1625,4979080293804697,visa,02/22,2022-09-01 19:50
1626,4511987673899649,visa,05/25,2022-09-01 19:50
1627,4586885069132320,visa,01/22,2022-09-01 19:50
1628,4484286741644605,visa,03/26,2022-09-01 19:50
1629,4081974931452379,visa,10/24,2022-09-01 19:50
1630,4334660051520682,visa,03/27,2022-09-01 19:50
1631,4928653264456465,visa,10/25,2022-09-01 19:50
1632,4832325055910027,visa,07/24,2022-09-01 19:50
1633,4029227797357132,visa,04/25,2022-09-01 19:50
1634,4277223441510571,visa,05/24,2022-09-01 19:50
1635,4339995355658878,visa,04/23,2022-09-01 19:50
1636,4597529370406059,visa,03/23,2022-09-01 19:50
1637,4253202359080270,visa,05/23,2022-09-01 19:50
1638,4870356145517376,visa,02/26,2022-09-01 19:50
1639,4180626258571302,visa,11/25,2022-09-01 19:50
1640,4175873411275671,visa,04/23,2022-09-01 19:50
1641,4304517931223836,visa,10/22,2022-09-01 19:50
1642,4420698355810602,visa,08/24,2022-09-01 19:50
1643,4915141400146609,visa,04/22,2022-09-01 19:50
1644,4224681791561995,visa,03/23,2022-09-01 19:50
1645,4269566147239576,visa,10/26,2022-09-01 19:50
1646,4929712965634785,visa,12/26,2022-09-01 19:50
1647,4689053260157812,visa,05/26,2022-09-01 19:50
1648,4830331353631952,visa,04/22,2022-09-01 19:50
1649,4552178821391651,visa,11/26,2022-09-01 19:50
1650,4180991150523219,visa,03/24,2022-09-01 19:50
1651,4160440205525104,visa,10/22,2022-09-01 19:50
1652,4610641351623769,visa,08/23,2022-09-01 19:50
1653,4350532679305862,visa,08/24,2022-09-01 19:50
1654,4904072446387894,visa,01/23,2022-09-01 19:50
1655,4833904202456354,visa,09/22,2022-09-01 19:50
1656,4828981701377544,visa,08/25,2022-09-01 19:50
1657,4907730234241832,visa,05/24,2022-09-01 19:50
1658,4343236168322947,visa,07/22,2022-09-01 19:50
1659,4779211919877450,visa,10/22,2022-09-01 19:50
1660,4695704917125592,visa,01/24,2022-09-01 19:50
1661,4336017998336912,visa,08/24,2022-09-01 19:50
1662,4396960689735453,visa,03/27,2022-09-01 19:50
1663,4612880157453546,visa,04/24,2022-09-01 19:50
1664,4995668454124895,visa,07/23,2022-09-01 19:50
1665,4367424471445560,visa,03/25,2022-09-01 19:50
1666,4791644955349923,visa,08/24,2022-09-01 19:50
1667,4787386164143632,visa,03/26,2022-09-01 19:50
1668,4273317624717682,visa,02/24,2022-09-01 19:50
1669,4592712837528617,visa,07/26,2022-09-01 19:50
1670,4386831407989460,visa,04/26,2022-09-01 19:50
1671,4388153986508951,visa,12/26,2022-09-01 19:50
1672,4710866733251927,visa,06/23,2022-09-01 19:50
1673,4521160245593300,visa,04/22,2022-09-01 19:50
1674,4117036887402911,visa,10/26,2022-09-01 19:50
1675,4386018447424928,visa,04/26,2022-09-01 19:50
1676,4737576636023542,visa,04/25,2022-09-01 19:50
1677,4717652077335580,visa,04/22,2022-09-01 19:50
1678,4876300302347213,visa,02/26,2022-09-01 19:50
1679,4351659675456339,visa,05/27,2022-09-01 19:50
1680,4691405223488112,visa,01/24,2022-09-01 19:50
1681,4922847496671323,visa,09/22,2022-09-01 19:50
1682,4244186199381091,visa,08/23,2022-09-01 19:50
1683,4178776522755241,visa,11/26,2022-09-01 19:50
1684,4523366488710935,visa,02/23,2022-09-01 19:50
1685,4127508186750099,visa,05/27,2022-09-01 19:50
1686,4310792307882240,visa,03/24,2022-09-01 19:50
1687,4588848151564535,visa,03/26,2022-09-01 19:50
1688,4743613628980959,visa,03/24,2022-09-01 19:50
1689,4491462126410745,visa,06/25,2022-09-01 19:50
1690,4208821021263067,visa,10/25,2022-09-01 19:50
1691,4268555261606471,visa,04/23,2022-09-01 19:50
1692,4433123654506319,visa,04/26,2022-09-01 19:50
1693,4865378406380150,visa,08/23,2022-09-01 19:50
1694,4884894028665361,visa,06/23,2022-09-01 19:50
1695,4481856697168511,visa,09/22,2022-09-01 19:50
1696,4853557252260244,visa,03/22,2022-09-01 19:50
1697,4865907487551014,visa,04/22,2022-09-01 19:50
1698,4794865171894536,visa,07/24,2022-09-01 19:50
1699,4800204034683237,visa,10/25,2022-09-01 19:50
1700,4118202503389390,visa,08/24,2022-09-01 19:50
1701,4292704198409845,visa,07/24,2022-09-01 19:50
1702,4666460260232569,visa,03/27,2022-09-01 19:50
1703,4380998690959090,visa,08/23,2022-09-01 19:50
1704,4038114109659646,visa,08/23,2022-09-01 19:50
1705,4811637980090724,visa,01/25,2022-09-01 19:50
1706,4105978991529481,visa,03/26,2022-09-01 19:50
1707,4516614487405810,visa,02/22,2022-09-01 19:50
1708,4082933822738980,visa,05/24,2022-09-01 19:50
1709,4295671837553886,visa,04/24,2022-09-01 19:50
1710,4936290797991427,visa,02/24,2022-09-01 19:50
1711,4284700594907424,visa,12/22,2022-09-01 19:50
1712,4981208205225950,visa,03/27,2022-09-01 19:50
1713,4003492490209820,visa,09/23,2022-09-01 19:50
1714,4076058857553936,visa,03/25,2022-09-01 19:50
1715,4084347171038538,visa,11/23,2022-09-01 19:50
1716,4780581673421365,visa,04/23,2022-09-01 19:50
1717,4228944408956834,visa,04/22,2022-09-01 19:50
1718,4429365518850245,visa,09/25,2022-09-01 19:50
1719,4780423297163836,visa,02/27,2022-09-01 19:50
1720,4362306949416189,visa,08/25,2022-09-01 19:50
1721,4339198943721486,visa,04/22,2022-09-01 19:50
1722,4477367319994892,visa,01/23,2022-09-01 19:50
1723,4423366710151511,visa,03/23,2022-09-01 19:50
1724,4014572452260734,visa,07/23,2022-09-01 19:50
1725,4986927810929582,visa,12/26,2022-09-01 19:50
1726,4042346376734488,visa,11/24,2022-09-01 19:50
1727,4011980026069528,visa,10/24,2022-09-01 19:50
1728,4350211305057797,visa,07/22,2022-09-01 19:50
1729,4564193664676304,visa,11/24,2022-09-01 19:50
1730,4429984350982682,visa,01/23,2022-09-01 19:50
1731,4963388640701559,visa,11/24,2022-09-01 19:50
1732,4572212821595429,visa,02/23,2022-09-01 19:50
1733,4728840815506243,visa,10/24,2022-09-01 19:50
1734,4257009566822162,visa,10/24,2022-09-01 19:50
1735,4552955502728818,visa,03/26,2022-09-01 19:50
1736,4641029092681747,visa,11/24,2022-09-01 19:50
1737,4556317710984921,visa,02/27,2022-09-01 19:50
1738,4578455764483111,visa,01/25,2022-09-01 19:50
1739,4365058785894121,visa,12/25,2022-09-01 19:50
1740,4723335936476207,visa,03/27,2022-09-01 19:50
1741,4245221942999136,visa,10/24,2022-09-01 19:50
1742,4467080155916661,visa,09/25,2022-09-01 19:50
1743,4421892688929572,visa,02/25,2022-09-01 19:50
1744,4408213386133549,visa,01/25,2022-09-01 19:50
1745,4733076863472169,visa,03/26,2022-09-01 19:50
1746,4265499322653151,visa,01/23,2022-09-01 19:50
1747,4440515374959168,visa,11/25,2022-09-01 19:50
1748,4651540171705030,visa,09/24,2022-09-01 19:50
1749,4220323178340859,visa,12/24,2022-09-01 19:50
1750,4483736597005187,visa,12/26,2022-09-01 19:50
1751,4805295006510270,visa,03/26,2022-09-01 19:50
1752,4953107686129729,visa,06/25,2022-09-01 19:50
1753,4074253682061575,visa,08/23,2022-09-01 19:50
1754,4145741215347003,visa,02/23,2022-09-01 19:50
1755,4895232951264505,visa,05/26,2022-09-01 19:50
1756,4371677135083317,visa,01/27,2022-09-01 19:50
1757,4693317268028703,visa,04/23,2022-09-01 19:50
1758,4092272849378993,visa,12/26,2022-09-01 19:50
1759,4603415201860866,visa,06/23,2022-09-01 19:50
1760,4629368262183530,visa,04/22,2022-09-01 19:50
1761,4129656069677893,visa,01/23,2022-09-01 19:50
1762,4346255662276075,visa,10/26,2022-09-01 19:50
1763,4221709487606031,visa,09/25,2022-09-01 19:50
1764,4511470170845704,visa,03/25,2022-09-01 19:50
1765,4559795581658467,visa,09/23,2022-09-01 19:50
1766,4372540493694613,visa,03/25,2022-09-01 19:50
1767,4872493063502730,visa,07/23,2022-09-01 19:50
1768,4821615932603305,visa,12/25,2022-09-01 19:50
1769,4843486148030947,visa,02/22,2022-09-01 19:50
1770,4221630262728909,visa,03/25,2022-09-01 19:50
1771,4100009429694914,visa,04/25,2022-09-01 19:50
1772,4077885307884449,visa,06/25,2022-09-01 19:50
1773,4035088070010604,visa,06/23,2022-09-01 19:50
1774,4555487227000932,visa,08/23,2022-09-01 19:50
1775,4013640810125666,visa,06/24,2022-09-01 19:50
1776,4469071505689759,visa,05/27,2022-09-01 19:50
1777,4603537558551739,visa,04/27,2022-09-01 19:50
1778,4294039342223372,visa,04/22,2022-09-01 19:50
1779,4842533950120240,visa,02/25,2022-09-01 19:50
1780,4018260985541327,visa,10/24,2022-09-01 19:50
1781,4643038745864541,visa,06/22,2022-09-01 19:50
1782,4400434031570053,visa,03/24,2022-09-01 19:50
1783,4473086111974712,visa,02/27,2022-09-01 19:50
1784,4374435725836017,visa,05/22,2022-09-01 19:50
1785,4863219683570539,visa,05/25,2022-09-01 19:50
1786,4331007393179368,visa,09/22,2022-09-01 19:50
1787,4222012004184072,visa,10/25,2022-09-01 19:50
1788,4470749715142910,visa,12/23,2022-09-01 19:50
1789,4954611860921297,visa,10/25,2022-09-01 19:50
1790,4989101824628963,visa,04/25,2022-09-01 19:50
1791,4359867445026041,visa,06/22,2022-09-01 19:50
1792,4606030308442356,visa,07/23,2022-09-01 19:50
1793,4041287788540108,visa,09/22,2022-09-01 19:50
1794,4665097228592188,visa,01/25,2022-09-01 19:50
1795,4529102161450281,visa,02/26,2022-09-01 19:50
1796,4419561628506238,visa,10/24,2022-09-01 19:50
1797,4176661673840251,visa,11/22,2022-09-01 19:50
1798,4319038590576250,visa,03/25,2022-09-01 19:50
1799,4382123238255541,visa,06/24,2022-09-01 19:50
1800,4288937182842045,visa,05/25,2022-09-01 19:50
1801,4628483972728572,visa,08/25,2022-09-01 19:50
1802,4323637726754121,visa,12/24,2022-09-01 19:50
1803,4895436571606900,visa,02/24,2022-09-01 19:50
1804,4011132033255134,visa,05/27,2022-09-01 19:50
1805,4673013579063083,visa,06/23,2022-09-01 19:50
1806,4355584636414605,visa,11/24,2022-09-01 19:50
1807,4515764525906906,visa,10/26,2022-09-01 19:50
1808,4638950317382495,visa,03/25,2022-09-01 19:50
1809,4678432528486929,visa,03/26,2022-09-01 19:50
1810,4366724206380490,visa,02/25,2022-09-01 19:50
1811,4361106863524633,visa,04/26,2022-09-01 19:50
1812,4876052466959446,visa,09/22,2022-09-01 19:50
1813,4036096929698734,visa,02/23,2022-09-01 19:50
1814,4460212631360399,visa,03/25,2022-09-01 19:50
1815,4252406210569683,visa,02/23,2022-09-01 19:50
1816,4649374344765290,visa,12/22,2022-09-01 19:50
1817,4826142520814439,visa,02/27,2022-09-01 19:50
1818,4359225696258815,visa,12/24,2022-09-01 19:50
1819,4185265312918053,visa,11/24,2022-09-01 19:50
1820,4803948873684071,visa,10/22,2022-09-01 19:50
1821,4357371252336041,visa,11/23,2022-09-01 19:50
1822,4084064982478932,visa,03/26,2022-09-01 19:50
1823,4717096847672189,visa,11/25,2022-09-01 19:50
1824,4504110070658638,visa,06/25,2022-09-01 19:50
1825,4266938833275045,visa,08/23,2022-09-01 19:50
1826,4222872812001002,visa,09/22,2022-09-01 19:50
1827,4939322191531264,visa,05/22,2022-09-01 19:50
1828,4550257568546768,visa,06/23,2022-09-01 19:50
1829,4932826361822938,visa,11/23,2022-09-01 19:50
1830,4395809991370379,visa,04/26,2022-09-01 19:50
1831,4242616918297451,visa,01/24,2022-09-01 19:50
1832,4286362653607516,visa,02/25,2022-09-01 19:50
1833,4826919959712584,visa,06/26,2022-09-01 19:50
1834,4125150934590188,visa,06/23,2022-09-01 19:50
1835,4511617312600872,visa,07/23,2022-09-01 19:50
1836,4149138213304001,visa,01/26,2022-09-01 19:50
1837,4834372953306161,visa,09/24,2022-09-01 19:50
1838,4720574380167242,visa,02/27,2022-09-01 19:50
1839,4128587636038023,visa,10/23,2022-09-01 19:50
1840,4750419544929017,visa,12/24,2022-09-01 19:50
1841,4628708549250795,visa,02/27,2022-09-01 19:50
1842,4534519571074869,visa,05/24,2022-09-01 19:50
1843,4007162053817907,visa,04/26,2022-09-01 19:50
1844,4134652337490410,visa,06/25,2022-09-01 19:50
1845,4987365034736427,visa,04/27,2022-09-01 19:50
1846,4194529734628072,visa,08/26,2022-09-01 19:50
1847,4324071584176475,visa,12/22,2022-09-01 19:50
1848,4084601584195537,visa,11/24,2022-09-01 19:50
1849,4705647145380059,visa,03/27,2022-09-01 19:50
1850,4117492142704098,visa,01/22,2022-09-01 19:50
1851,4716110531684649,visa,03/22,2022-09-01 19:50
1852,4175808035645149,visa,03/26,2022-09-01 19:50
1853,4737237094616059,visa,12/25,2022-09-01 19:50
1854,4771157408673959,visa,09/25,2022-09-01 19:50
1855,4752254878774038,visa,06/22,2022-09-01 19:50
1856,4779034307700120,visa,03/26,2022-09-01 19:50
1857,4130346779879412,visa,01/25,2022-09-01 19:50
1858,4775024818633799,visa,11/25,2022-09-01 19:50
1859,4005171350774838,visa,08/24,2022-09-01 19:50
1860,4462984582363576,visa,05/23,2022-09-01 19:50
1861,4948277075367392,visa,12/24,2022-09-01 19:50
1862,4748206016930192,visa,04/26,2022-09-01 19:50
1863,4082283434501230,visa,07/24,2022-09-01 19:50
1864,4495182399989706,visa,07/24,2022-09-01 19:50
1865,4725760595037065,visa,12/22,2022-09-01 19:50
1866,4218697672505560,visa,12/25,2022-09-01 19:50
1867,4046138939621823,visa,05/25,2022-09-01 19:50
1868,4108130035348489,visa,01/26,2022-09-01 19:50
1869,4620068507270899,visa,02/22,2022-09-01 19:50
1870,4208472287287778,visa,08/26,2022-09-01 19:50
1871,4182346945653300,visa,03/27,2022-09-01 19:50
1872,4426966171933476,visa,03/26,2022-09-01 19:50
1873,4245557596987830,visa,03/22,2022-09-01 19:50
1874,4499000229108105,visa,08/22,2022-09-01 19:50
1875,4101717495307091,visa,12/26,2022-09-01 19:50
1876,4802511566782452,visa,07/25,2022-09-01 19:50
1877,4884743781376544,visa,01/24,2022-09-01 19:50
1878,4334495954360450,visa,08/26,2022-09-01 19:50
1879,4595133036122069,visa,01/26,2022-09-01 19:50
1880,4189908991924464,visa,05/24,2022-09-01 19:50
1881,4100587852227203,visa,03/23,2022-09-01 19:50
1882,4615942299904229,visa,06/25,2022-09-01 19:50
1883,4707702084222362,visa,06/25,2022-09-01 19:50
1884,4054298322046472,visa,02/22,2022-09-01 19:50
1885,4008921642365556,visa,07/22,2022-09-01 19:50
1886,4024486417688509,visa,01/25,2022-09-01 19:50
1887,4375993794662796,visa,12/23,2022-09-01 19:50
1888,4686397574811025,visa,05/24,2022-09-01 19:50
1889,4344198324326833,visa,07/23,2022-09-01 19:50
1890,4416453879787480,visa,02/27,2022-09-01 19:50
1891,4316196652851186,visa,05/26,2022-09-01 19:50
1892,4458975905010072,visa,10/26,2022-09-01 19:50
1893,4796762844209895,visa,02/22,2022-09-01 19:50
1894,4196141730900444,visa,10/22,2022-09-01 19:50
1895,4450018262921728,visa,10/25,2022-09-01 19:50
1896,4371564344329931,visa,02/22,2022-09-01 19:50
1897,4549369428450653,visa,06/23,2022-09-01 19:50
1898,4716371478965744,visa,07/25,2022-09-01 19:50
1899,4131831457134908,visa,09/25,2022-09-01 19:50
1900,4251439748244702,visa,09/23,2022-09-01 19:50
1901,4454532773452284,visa,01/27,2022-09-01 19:50
1902,4212613281405270,visa,05/26,2022-09-01 19:50
1903,4963511403199972,visa,08/24,2022-09-01 19:50
1904,4450041833767545,visa,08/25,2022-09-01 19:50
1905,4361439768469178,visa,12/26,2022-09-01 19:50
1906,4934191861025674,visa,02/24,2022-09-01 19:50
1907,4143156060887205,visa,09/22,2022-09-01 19:50
1908,4876394864194030,visa,06/24,2022-09-01 19:50
1909,4530571113623061,visa,01/24,2022-09-01 19:50
1910,4871812759365964,visa,10/23,2022-09-01 19:50
1911,4455861877211109,visa,09/26,2022-09-01 19:50
1912,4561259397696746,visa,05/23,2022-09-01 19:50
1913,4244796262004386,visa,11/23,2022-09-01 19:50
1914,4280454753256314,visa,02/27,2022-09-01 19:50
1915,4759683518217250,visa,03/25,2022-09-01 19:50
1916,4652495533372434,visa,03/25,2022-09-01 19:50
1917,4735512489868032,visa,03/26,2022-09-01 19:50
1918,4222085188480987,visa,06/25,2022-09-01 19:50
1919,4160244346513098,visa,03/23,2022-09-01 19:50
1920,4348303126796987,visa,09/26,2022-09-01 19:50
1921,4447414490307267,visa,09/24,2022-09-01 19:50
1922,4681975803322842,visa,11/23,2022-09-01 19:50
1923,4020740456971257,visa,02/27,2022-09-01 19:50
1924,4199438901302872,visa,05/23,2022-09-01 19:50
1925,4848917623719393,visa,06/23,2022-09-01 19:50
1926,4668973324636581,visa,09/23,2022-09-01 19:50
1927,4654913536008720,visa,09/26,2022-09-01 19:50
1928,4155371027630458,visa,11/22,2022-09-01 19:50
1929,4736635493447573,visa,08/26,2022-09-01 19:50
1930,4703128844469586,visa,10/25,2022-09-01 19:50
1931,4997648400548833,visa,04/22,2022-09-01 19:50
1932,4357615479486728,visa,05/25,2022-09-01 19:50
1933,4365050272086642,visa,06/24,2022-09-01 19:50
1934,4374197458888736,visa,12/24,2022-09-01 19:50
1935,4110656522094588,visa,07/23,2022-09-01 19:50
1936,4148855537936983,visa,09/26,2022-09-01 19:50
1937,4443239559076162,visa,10/26,2022-09-01 19:50
1938,4098732722551861,visa,07/22,2022-09-01 19:50
1939,4365866754523103,visa,12/26,2022-09-01 19:50
1940,4951763584720662,visa,07/26,2022-09-01 19:50
1941,4475509449961414,visa,10/23,2022-09-01 19:50
1942,4929411498746287,visa,09/25,2022-09-01 19:50
1943,4503639057021379,visa,10/23,2022-09-01 19:50
1944,4610228129470093,visa,05/22,2022-09-01 19:50
1945,4774260494783117,visa,11/25,2022-09-01 19:50
1946,4717739052833190,visa,04/23,2022-09-01 19:50
1947,4231173606661542,visa,10/23,2022-09-01 19:50
1948,4876543883941058,visa,07/25,2022-09-01 19:50
1949,4841755344830108,visa,05/22,2022-09-01 19:50
1950,4656265321804609,visa,12/22,2022-09-01 19:50
1951,4717104176968895,visa,06/22,2022-09-01 19:50
1952,4652771218378015,visa,12/25,2022-09-01 19:50
1953,4786404303175968,visa,07/23,2022-09-01 19:50
1954,4763402868093953,visa,06/22,2022-09-01 19:50
1955,4996851040334371,visa,09/26,2022-09-01 19:50
1956,4115430253657772,visa,08/24,2022-09-01 19:50
1957,4321393333421652,visa,05/22,2022-09-01 19:50
1958,4427780339514121,visa,02/22,2022-09-01 19:50
1959,4160945928534639,visa,01/22,2022-09-01 19:50
1960,4034161742641535,visa,07/23,2022-09-01 19:50
1961,4337740519214735,visa,01/23,2022-09-01 19:50
1962,4296476972145855,visa,08/24,2022-09-01 19:50
1963,4118114933437576,visa,01/25,2022-09-01 19:50
1964,4056268169543962,visa,03/25,2022-09-01 19:50
1965,4548696581609365,visa,10/26,2022-09-01 19:50
1966,4306652100242743,visa,01/26,2022-09-01 19:50
1967,4919671272943234,visa,01/24,2022-09-01 19:50
1968,4736256758757141,visa,01/25,2022-09-01 19:50
1969,4922687189174973,visa,04/25,2022-09-01 19:50
1970,4189523806293920,visa,10/26,2022-09-01 19:50
1971,4708752848285592,visa,01/23,2022-09-01 19:50
1972,4162244815060074,visa,01/27,2022-09-01 19:50
1973,4156125960910064,visa,02/25,2022-09-01 19:50
1974,4888921803227517,visa,09/22,2022-09-01 19:50
1975,4150275762510350,visa,04/24,2022-09-01 19:50
1976,4093794934484500,visa,12/23,2022-09-01 19:50
1977,4346866793073320,visa,01/24,2022-09-01 19:50
1978,4486176232055262,visa,02/27,2022-09-01 19:50
1979,4956112395366965,visa,01/27,2022-09-01 19:50
1980,4175202677382064,visa,08/26,2022-09-01 19:50
1981,4482223288857151,visa,02/27,2022-09-01 19:50
1982,4664214884938354,visa,01/22,2022-09-01 19:50
1983,4363516603317171,visa,11/24,2022-09-01 19:50
1984,4923765661621502,visa,04/24,2022-09-01 19:50
1985,4527747575255114,visa,05/23,2022-09-01 19:50
1986,4463193643045037,visa,05/27,2022-09-01 19:50
1987,4079402336577347,visa,03/25,2022-09-01 19:50
1988,4045227582815930,visa,11/26,2022-09-01 19:50
1989,4641575138513179,visa,10/22,2022-09-01 19:50
1990,4236211236657640,visa,07/24,2022-09-01 19:50
1991,4916761799112018,visa,11/25,2022-09-01 19:50
1992,4732812655318868,visa,06/26,2022-09-01 19:50
1993,4687136342533753,visa,02/26,2022-09-01 19:50
1994,4763158569828903,visa,11/25,2022-09-01 19:50
1995,4473593503484549,visa,01/26,2022-09-01 19:50
1996,4483607926610254,visa,08/26,2022-09-01 19:50
1997,4249540384047310,visa,10/22,2022-09-01 19:50
1998,4325889817240225,visa,03/24,2022-09-01 19:50
1999,4653925648407310,visa,04/22,2022-09-01 19:50
